value_a,value_b,layer,cosine
authority,autonomy,0,0.785885
authority,autonomy,1,0.744708
authority,autonomy,2,0.727871
authority,autonomy,3,0.619636
authority,autonomy,4,0.587454
authority,autonomy,5,0.604178
authority,autonomy,6,0.540743
authority,autonomy,7,0.463724
authority,autonomy,8,0.422007
authority,autonomy,9,0.411859
authority,autonomy,10,0.309639
authority,autonomy,11,0.273941
authority,autonomy,12,0.113314
authority,autonomy,13,0.109387
authority,autonomy,14,-0.13295
authority,autonomy,15,0.081893
authority,autonomy,16,0.199354
authority,autonomy,17,0.211415
authority,autonomy,18,0.188018
authority,autonomy,19,0.174381
authority,autonomy,20,0.191375
authority,autonomy,21,0.188428
authority,autonomy,22,0.145329
authority,autonomy,23,0.145207
authority,autonomy,24,0.094119
authority,autonomy,25,0.136747
authority,autonomy,26,0.109927
authority,autonomy,27,0.082757
authority,autonomy,28,0.077444
authority,autonomy,29,0.023313
authority,autonomy,30,0.037352
authority,autonomy,31,-0.042461
authority,care,0,0.836604
authority,care,1,0.791337
authority,care,2,0.797106
authority,care,3,0.635805
authority,care,4,0.597873
authority,care,5,0.589748
authority,care,6,0.560067
authority,care,7,0.485306
authority,care,8,0.468289
authority,care,9,0.39851
authority,care,10,0.289578
authority,care,11,0.249309
authority,care,12,0.12789
authority,care,13,0.173441
authority,care,14,0.073252
authority,care,15,0.196086
authority,care,16,0.221108
authority,care,17,0.167596
authority,care,18,0.139893
authority,care,19,0.168408
authority,care,20,0.170198
authority,care,21,0.201413
authority,care,22,0.167405
authority,care,23,0.180463
authority,care,24,0.160391
authority,care,25,0.173135
authority,care,26,0.164358
authority,care,27,0.129008
authority,care,28,0.130894
authority,care,29,0.086955
authority,care,30,0.10553
authority,care,31,0.212372
authority,collective_welfare,0,0.724189
authority,collective_welfare,1,0.665755
authority,collective_welfare,2,0.652182
authority,collective_welfare,3,0.520456
authority,collective_welfare,4,0.460967
authority,collective_welfare,5,0.427839
authority,collective_welfare,6,0.34328
authority,collective_welfare,7,0.278253
authority,collective_welfare,8,0.196784
authority,collective_welfare,9,0.187037
authority,collective_welfare,10,0.170519
authority,collective_welfare,11,0.155118
authority,collective_welfare,12,0.107348
authority,collective_welfare,13,0.151595
authority,collective_welfare,14,0.099346
authority,collective_welfare,15,0.171682
authority,collective_welfare,16,0.22494
authority,collective_welfare,17,0.247035
authority,collective_welfare,18,0.233692
authority,collective_welfare,19,0.278523
authority,collective_welfare,20,0.29928
authority,collective_welfare,21,0.336966
authority,collective_welfare,22,0.3139
authority,collective_welfare,23,0.326895
authority,collective_welfare,24,0.3247
authority,collective_welfare,25,0.328338
authority,collective_welfare,26,0.31896
authority,collective_welfare,27,0.293927
authority,collective_welfare,28,0.2822
authority,collective_welfare,29,0.229052
authority,collective_welfare,30,0.249485
authority,collective_welfare,31,0.320047
authority,desert,0,0.769399
authority,desert,1,0.71987
authority,desert,2,0.697522
authority,desert,3,0.575399
authority,desert,4,0.496148
authority,desert,5,0.491753
authority,desert,6,0.420356
authority,desert,7,0.365357
authority,desert,8,0.290949
authority,desert,9,0.203664
authority,desert,10,0.220172
authority,desert,11,0.226957
authority,desert,12,0.219034
authority,desert,13,0.255059
authority,desert,14,0.224113
authority,desert,15,0.203
authority,desert,16,0.233945
authority,desert,17,0.247402
authority,desert,18,0.21811
authority,desert,19,0.233798
authority,desert,20,0.244982
authority,desert,21,0.248333
authority,desert,22,0.219063
authority,desert,23,0.217585
authority,desert,24,0.193739
authority,desert,25,0.223067
authority,desert,26,0.236098
authority,desert,27,0.226074
authority,desert,28,0.242355
authority,desert,29,0.233718
authority,desert,30,0.232266
authority,desert,31,0.221062
authority,fairness,0,0.839444
authority,fairness,1,0.781172
authority,fairness,2,0.755259
authority,fairness,3,0.59777
authority,fairness,4,0.535276
authority,fairness,5,0.525185
authority,fairness,6,0.484177
authority,fairness,7,0.422069
authority,fairness,8,0.406323
authority,fairness,9,0.371984
authority,fairness,10,0.315298
authority,fairness,11,0.306461
authority,fairness,12,0.286133
authority,fairness,13,0.316666
authority,fairness,14,0.366043
authority,fairness,15,0.335352
authority,fairness,16,0.331142
authority,fairness,17,0.317672
authority,fairness,18,0.277196
authority,fairness,19,0.30553
authority,fairness,20,0.290956
authority,fairness,21,0.324318
authority,fairness,22,0.275676
authority,fairness,23,0.282404
authority,fairness,24,0.274758
authority,fairness,25,0.252251
authority,fairness,26,0.240522
authority,fairness,27,0.227399
authority,fairness,28,0.228524
authority,fairness,29,0.200324
authority,fairness,30,0.203321
authority,fairness,31,0.245254
authority,harm_avoidance,0,0.817311
authority,harm_avoidance,1,0.766961
authority,harm_avoidance,2,0.766592
authority,harm_avoidance,3,0.62652
authority,harm_avoidance,4,0.579817
authority,harm_avoidance,5,0.579591
authority,harm_avoidance,6,0.522114
authority,harm_avoidance,7,0.496863
authority,harm_avoidance,8,0.412955
authority,harm_avoidance,9,0.33592
authority,harm_avoidance,10,0.242109
authority,harm_avoidance,11,0.231018
authority,harm_avoidance,12,0.211719
authority,harm_avoidance,13,0.259446
authority,harm_avoidance,14,0.311259
authority,harm_avoidance,15,0.314766
authority,harm_avoidance,16,0.305327
authority,harm_avoidance,17,0.367582
authority,harm_avoidance,18,0.316322
authority,harm_avoidance,19,0.347334
authority,harm_avoidance,20,0.37007
authority,harm_avoidance,21,0.366074
authority,harm_avoidance,22,0.334988
authority,harm_avoidance,23,0.317284
authority,harm_avoidance,24,0.326781
authority,harm_avoidance,25,0.352861
authority,harm_avoidance,26,0.357586
authority,harm_avoidance,27,0.336639
authority,harm_avoidance,28,0.340943
authority,harm_avoidance,29,0.344396
authority,harm_avoidance,30,0.317787
authority,harm_avoidance,31,0.254809
authority,honesty,0,0.818244
authority,honesty,1,0.794478
authority,honesty,2,0.772066
authority,honesty,3,0.65535
authority,honesty,4,0.593389
authority,honesty,5,0.591951
authority,honesty,6,0.559393
authority,honesty,7,0.496628
authority,honesty,8,0.406431
authority,honesty,9,0.357407
authority,honesty,10,0.273034
authority,honesty,11,0.295135
authority,honesty,12,0.247683
authority,honesty,13,0.308242
authority,honesty,14,0.454602
authority,honesty,15,0.379349
authority,honesty,16,0.342472
authority,honesty,17,0.392769
authority,honesty,18,0.326969
authority,honesty,19,0.343505
authority,honesty,20,0.33733
authority,honesty,21,0.367015
authority,honesty,22,0.348525
authority,honesty,23,0.340552
authority,honesty,24,0.373434
authority,honesty,25,0.388615
authority,honesty,26,0.40338
authority,honesty,27,0.390773
authority,honesty,28,0.408062
authority,honesty,29,0.418299
authority,honesty,30,0.413918
authority,honesty,31,0.45934
authority,impartiality,0,0.739958
authority,impartiality,1,0.690874
authority,impartiality,2,0.645704
authority,impartiality,3,0.48717
authority,impartiality,4,0.461106
authority,impartiality,5,0.505021
authority,impartiality,6,0.46741
authority,impartiality,7,0.463244
authority,impartiality,8,0.331612
authority,impartiality,9,0.294746
authority,impartiality,10,0.203649
authority,impartiality,11,0.135125
authority,impartiality,12,0.0296
authority,impartiality,13,0.080403
authority,impartiality,14,0.112178
authority,impartiality,15,0.153315
authority,impartiality,16,0.165349
authority,impartiality,17,0.262337
authority,impartiality,18,0.261641
authority,impartiality,19,0.261439
authority,impartiality,20,0.264837
authority,impartiality,21,0.292919
authority,impartiality,22,0.279295
authority,impartiality,23,0.278038
authority,impartiality,24,0.321541
authority,impartiality,25,0.303328
authority,impartiality,26,0.305258
authority,impartiality,27,0.305118
authority,impartiality,28,0.322056
authority,impartiality,29,0.333628
authority,impartiality,30,0.287189
authority,impartiality,31,0.240266
authority,integrity,0,0.736684
authority,integrity,1,0.660241
authority,integrity,2,0.627386
authority,integrity,3,0.517391
authority,integrity,4,0.522276
authority,integrity,5,0.560643
authority,integrity,6,0.515747
authority,integrity,7,0.465491
authority,integrity,8,0.379476
authority,integrity,9,0.336723
authority,integrity,10,0.308859
authority,integrity,11,0.285413
authority,integrity,12,0.207222
authority,integrity,13,0.225384
authority,integrity,14,0.25873
authority,integrity,15,0.261427
authority,integrity,16,0.221496
authority,integrity,17,0.189908
authority,integrity,18,0.168535
authority,integrity,19,0.180989
authority,integrity,20,0.177108
authority,integrity,21,0.196228
authority,integrity,22,0.163826
authority,integrity,23,0.157582
authority,integrity,24,0.172452
authority,integrity,25,0.180508
authority,integrity,26,0.171109
authority,integrity,27,0.168749
authority,integrity,28,0.206071
authority,integrity,29,0.215798
authority,integrity,30,0.215179
authority,integrity,31,0.217605
authority,kindness,0,0.803169
authority,kindness,1,0.746329
authority,kindness,2,0.735486
authority,kindness,3,0.564912
authority,kindness,4,0.521017
authority,kindness,5,0.539836
authority,kindness,6,0.522802
authority,kindness,7,0.497783
authority,kindness,8,0.458219
authority,kindness,9,0.371179
authority,kindness,10,0.278096
authority,kindness,11,0.255125
authority,kindness,12,0.200163
authority,kindness,13,0.175054
authority,kindness,14,0.208136
authority,kindness,15,0.281547
authority,kindness,16,0.254897
authority,kindness,17,0.279079
authority,kindness,18,0.270432
authority,kindness,19,0.263619
authority,kindness,20,0.255969
authority,kindness,21,0.282138
authority,kindness,22,0.253298
authority,kindness,23,0.235044
authority,kindness,24,0.21909
authority,kindness,25,0.215594
authority,kindness,26,0.198516
authority,kindness,27,0.208544
authority,kindness,28,0.21263
authority,kindness,29,0.222418
authority,kindness,30,0.187377
authority,kindness,31,0.17021
authority,loyalty,0,0.838367
authority,loyalty,1,0.813273
authority,loyalty,2,0.80527
authority,loyalty,3,0.682731
authority,loyalty,4,0.639591
authority,loyalty,5,0.628575
authority,loyalty,6,0.558147
authority,loyalty,7,0.484777
authority,loyalty,8,0.455977
authority,loyalty,9,0.459614
authority,loyalty,10,0.463184
authority,loyalty,11,0.498303
authority,loyalty,12,0.453965
authority,loyalty,13,0.387996
authority,loyalty,14,0.313884
authority,loyalty,15,0.352373
authority,loyalty,16,0.382719
authority,loyalty,17,0.428897
authority,loyalty,18,0.39837
authority,loyalty,19,0.439615
authority,loyalty,20,0.440632
authority,loyalty,21,0.44562
authority,loyalty,22,0.417166
authority,loyalty,23,0.412618
authority,loyalty,24,0.397433
authority,loyalty,25,0.414243
authority,loyalty,26,0.40545
authority,loyalty,27,0.400175
authority,loyalty,28,0.398325
authority,loyalty,29,0.397443
authority,loyalty,30,0.373547
authority,loyalty,31,0.201786
authority,mercy,0,0.818295
authority,mercy,1,0.784403
authority,mercy,2,0.78016
authority,mercy,3,0.638377
authority,mercy,4,0.483727
authority,mercy,5,0.537678
authority,mercy,6,0.461761
authority,mercy,7,0.366449
authority,mercy,8,0.351241
authority,mercy,9,0.34092
authority,mercy,10,0.3005
authority,mercy,11,0.320135
authority,mercy,12,0.209699
authority,mercy,13,0.148028
authority,mercy,14,0.19899
authority,mercy,15,0.180685
authority,mercy,16,0.20884
authority,mercy,17,0.348107
authority,mercy,18,0.342057
authority,mercy,19,0.342549
authority,mercy,20,0.326278
authority,mercy,21,0.352583
authority,mercy,22,0.370214
authority,mercy,23,0.385922
authority,mercy,24,0.415283
authority,mercy,25,0.393755
authority,mercy,26,0.392836
authority,mercy,27,0.407963
authority,mercy,28,0.400435
authority,mercy,29,0.426123
authority,mercy,30,0.373946
authority,mercy,31,0.361526
authority,privacy,0,0.806306
authority,privacy,1,0.745442
authority,privacy,2,0.704565
authority,privacy,3,0.580486
authority,privacy,4,0.538012
authority,privacy,5,0.550771
authority,privacy,6,0.504698
authority,privacy,7,0.478835
authority,privacy,8,0.348354
authority,privacy,9,0.355393
authority,privacy,10,0.256281
authority,privacy,11,0.225146
authority,privacy,12,0.188958
authority,privacy,13,0.179447
authority,privacy,14,0.344906
authority,privacy,15,0.292169
authority,privacy,16,0.292748
authority,privacy,17,0.398127
authority,privacy,18,0.369079
authority,privacy,19,0.371921
authority,privacy,20,0.370043
authority,privacy,21,0.395485
authority,privacy,22,0.374635
authority,privacy,23,0.37003
authority,privacy,24,0.409863
authority,privacy,25,0.390973
authority,privacy,26,0.418012
authority,privacy,27,0.413753
authority,privacy,28,0.431512
authority,privacy,29,0.449184
authority,privacy,30,0.404946
authority,privacy,31,0.44357
authority,sanctity,0,0.787323
authority,sanctity,1,0.727458
authority,sanctity,2,0.665744
authority,sanctity,3,0.571129
authority,sanctity,4,0.521163
authority,sanctity,5,0.528595
authority,sanctity,6,0.439078
authority,sanctity,7,0.382816
authority,sanctity,8,0.310667
authority,sanctity,9,0.322142
authority,sanctity,10,0.263481
authority,sanctity,11,0.238018
authority,sanctity,12,0.174299
authority,sanctity,13,0.211416
authority,sanctity,14,0.276087
authority,sanctity,15,0.291555
authority,sanctity,16,0.288159
authority,sanctity,17,0.342529
authority,sanctity,18,0.311376
authority,sanctity,19,0.32737
authority,sanctity,20,0.354066
authority,sanctity,21,0.368241
authority,sanctity,22,0.349249
authority,sanctity,23,0.336033
authority,sanctity,24,0.319785
authority,sanctity,25,0.343485
authority,sanctity,26,0.354177
authority,sanctity,27,0.325905
authority,sanctity,28,0.328733
authority,sanctity,29,0.328636
authority,sanctity,30,0.290536
authority,sanctity,31,0.268262
authority,tradition,0,0.797016
authority,tradition,1,0.716319
authority,tradition,2,0.684861
authority,tradition,3,0.53377
authority,tradition,4,0.49287
authority,tradition,5,0.482532
authority,tradition,6,0.405101
authority,tradition,7,0.302622
authority,tradition,8,0.3099
authority,tradition,9,0.203563
authority,tradition,10,0.167888
authority,tradition,11,0.162478
authority,tradition,12,0.137996
authority,tradition,13,0.119272
authority,tradition,14,-0.123999
authority,tradition,15,0.07257
authority,tradition,16,0.175322
authority,tradition,17,0.110459
authority,tradition,18,0.095574
authority,tradition,19,0.156645
authority,tradition,20,0.185171
authority,tradition,21,0.188033
authority,tradition,22,0.151347
authority,tradition,23,0.164938
authority,tradition,24,0.088711
authority,tradition,25,0.143029
authority,tradition,26,0.127245
authority,tradition,27,0.092059
authority,tradition,28,0.076734
authority,tradition,29,0.013422
authority,tradition,30,0.040593
authority,tradition,31,-0.002847
autonomy,care,0,0.935014
autonomy,care,1,0.92338
autonomy,care,2,0.896489
autonomy,care,3,0.863475
autonomy,care,4,0.756617
autonomy,care,5,0.763454
autonomy,care,6,0.731008
autonomy,care,7,0.707211
autonomy,care,8,0.669361
autonomy,care,9,0.60306
autonomy,care,10,0.583206
autonomy,care,11,0.548819
autonomy,care,12,0.471409
autonomy,care,13,0.424737
autonomy,care,14,0.397743
autonomy,care,15,0.372265
autonomy,care,16,0.386737
autonomy,care,17,0.328487
autonomy,care,18,0.360654
autonomy,care,19,0.379685
autonomy,care,20,0.355758
autonomy,care,21,0.348253
autonomy,care,22,0.350958
autonomy,care,23,0.345679
autonomy,care,24,0.341961
autonomy,care,25,0.343147
autonomy,care,26,0.343924
autonomy,care,27,0.347747
autonomy,care,28,0.346784
autonomy,care,29,0.334284
autonomy,care,30,0.3306
autonomy,care,31,0.226592
autonomy,collective_welfare,0,0.8845
autonomy,collective_welfare,1,0.863094
autonomy,collective_welfare,2,0.839734
autonomy,collective_welfare,3,0.817352
autonomy,collective_welfare,4,0.708223
autonomy,collective_welfare,5,0.699148
autonomy,collective_welfare,6,0.643473
autonomy,collective_welfare,7,0.6293
autonomy,collective_welfare,8,0.541452
autonomy,collective_welfare,9,0.53784
autonomy,collective_welfare,10,0.460369
autonomy,collective_welfare,11,0.445916
autonomy,collective_welfare,12,0.408429
autonomy,collective_welfare,13,0.427294
autonomy,collective_welfare,14,0.400582
autonomy,collective_welfare,15,0.383609
autonomy,collective_welfare,16,0.401401
autonomy,collective_welfare,17,0.448484
autonomy,collective_welfare,18,0.517867
autonomy,collective_welfare,19,0.537966
autonomy,collective_welfare,20,0.560556
autonomy,collective_welfare,21,0.568084
autonomy,collective_welfare,22,0.559595
autonomy,collective_welfare,23,0.550828
autonomy,collective_welfare,24,0.52363
autonomy,collective_welfare,25,0.530445
autonomy,collective_welfare,26,0.526747
autonomy,collective_welfare,27,0.523898
autonomy,collective_welfare,28,0.504546
autonomy,collective_welfare,29,0.503869
autonomy,collective_welfare,30,0.485508
autonomy,collective_welfare,31,0.409312
autonomy,desert,0,0.897128
autonomy,desert,1,0.889516
autonomy,desert,2,0.876656
autonomy,desert,3,0.845134
autonomy,desert,4,0.749331
autonomy,desert,5,0.75927
autonomy,desert,6,0.74005
autonomy,desert,7,0.716177
autonomy,desert,8,0.639286
autonomy,desert,9,0.521028
autonomy,desert,10,0.514462
autonomy,desert,11,0.519636
autonomy,desert,12,0.474998
autonomy,desert,13,0.523716
autonomy,desert,14,0.417192
autonomy,desert,15,0.533682
autonomy,desert,16,0.54068
autonomy,desert,17,0.544054
autonomy,desert,18,0.594123
autonomy,desert,19,0.598222
autonomy,desert,20,0.609238
autonomy,desert,21,0.623596
autonomy,desert,22,0.613961
autonomy,desert,23,0.612217
autonomy,desert,24,0.606864
autonomy,desert,25,0.601133
autonomy,desert,26,0.598845
autonomy,desert,27,0.584308
autonomy,desert,28,0.55286
autonomy,desert,29,0.521301
autonomy,desert,30,0.525495
autonomy,desert,31,0.513237
autonomy,fairness,0,0.901695
autonomy,fairness,1,0.886892
autonomy,fairness,2,0.876807
autonomy,fairness,3,0.824284
autonomy,fairness,4,0.715479
autonomy,fairness,5,0.731871
autonomy,fairness,6,0.730839
autonomy,fairness,7,0.683017
autonomy,fairness,8,0.585477
autonomy,fairness,9,0.560153
autonomy,fairness,10,0.517239
autonomy,fairness,11,0.498755
autonomy,fairness,12,0.39319
autonomy,fairness,13,0.420073
autonomy,fairness,14,0.172649
autonomy,fairness,15,0.319924
autonomy,fairness,16,0.345915
autonomy,fairness,17,0.321998
autonomy,fairness,18,0.379844
autonomy,fairness,19,0.386996
autonomy,fairness,20,0.387632
autonomy,fairness,21,0.387897
autonomy,fairness,22,0.375839
autonomy,fairness,23,0.38002
autonomy,fairness,24,0.371979
autonomy,fairness,25,0.386723
autonomy,fairness,26,0.395437
autonomy,fairness,27,0.378651
autonomy,fairness,28,0.368491
autonomy,fairness,29,0.351446
autonomy,fairness,30,0.345898
autonomy,fairness,31,0.312691
autonomy,harm_avoidance,0,0.910165
autonomy,harm_avoidance,1,0.881165
autonomy,harm_avoidance,2,0.85864
autonomy,harm_avoidance,3,0.822157
autonomy,harm_avoidance,4,0.747751
autonomy,harm_avoidance,5,0.750234
autonomy,harm_avoidance,6,0.717858
autonomy,harm_avoidance,7,0.64791
autonomy,harm_avoidance,8,0.586788
autonomy,harm_avoidance,9,0.530416
autonomy,harm_avoidance,10,0.470019
autonomy,harm_avoidance,11,0.451292
autonomy,harm_avoidance,12,0.379224
autonomy,harm_avoidance,13,0.382229
autonomy,harm_avoidance,14,0.225199
autonomy,harm_avoidance,15,0.389553
autonomy,harm_avoidance,16,0.425234
autonomy,harm_avoidance,17,0.423168
autonomy,harm_avoidance,18,0.439102
autonomy,harm_avoidance,19,0.463991
autonomy,harm_avoidance,20,0.457949
autonomy,harm_avoidance,21,0.466377
autonomy,harm_avoidance,22,0.461997
autonomy,harm_avoidance,23,0.451225
autonomy,harm_avoidance,24,0.437717
autonomy,harm_avoidance,25,0.427901
autonomy,harm_avoidance,26,0.409941
autonomy,harm_avoidance,27,0.374383
autonomy,harm_avoidance,28,0.361828
autonomy,harm_avoidance,29,0.3143
autonomy,harm_avoidance,30,0.316214
autonomy,harm_avoidance,31,0.352809
autonomy,honesty,0,0.920564
autonomy,honesty,1,0.896838
autonomy,honesty,2,0.874243
autonomy,honesty,3,0.80102
autonomy,honesty,4,0.709669
autonomy,honesty,5,0.734151
autonomy,honesty,6,0.683153
autonomy,honesty,7,0.646143
autonomy,honesty,8,0.579844
autonomy,honesty,9,0.607597
autonomy,honesty,10,0.522885
autonomy,honesty,11,0.457445
autonomy,honesty,12,0.313619
autonomy,honesty,13,0.366359
autonomy,honesty,14,0.137725
autonomy,honesty,15,0.313981
autonomy,honesty,16,0.340626
autonomy,honesty,17,0.339531
autonomy,honesty,18,0.393082
autonomy,honesty,19,0.379289
autonomy,honesty,20,0.350912
autonomy,honesty,21,0.346912
autonomy,honesty,22,0.343897
autonomy,honesty,23,0.353025
autonomy,honesty,24,0.31597
autonomy,honesty,25,0.308456
autonomy,honesty,26,0.282958
autonomy,honesty,27,0.253073
autonomy,honesty,28,0.229538
autonomy,honesty,29,0.173339
autonomy,honesty,30,0.172575
autonomy,honesty,31,0.095939
autonomy,impartiality,0,0.882015
autonomy,impartiality,1,0.862383
autonomy,impartiality,2,0.853347
autonomy,impartiality,3,0.801353
autonomy,impartiality,4,0.67983
autonomy,impartiality,5,0.671431
autonomy,impartiality,6,0.650264
autonomy,impartiality,7,0.610256
autonomy,impartiality,8,0.543129
autonomy,impartiality,9,0.503856
autonomy,impartiality,10,0.466863
autonomy,impartiality,11,0.44143
autonomy,impartiality,12,0.436287
autonomy,impartiality,13,0.384341
autonomy,impartiality,14,0.285112
autonomy,impartiality,15,0.355521
autonomy,impartiality,16,0.359238
autonomy,impartiality,17,0.264933
autonomy,impartiality,18,0.20834
autonomy,impartiality,19,0.211172
autonomy,impartiality,20,0.187605
autonomy,impartiality,21,0.202207
autonomy,impartiality,22,0.200154
autonomy,impartiality,23,0.223432
autonomy,impartiality,24,0.182203
autonomy,impartiality,25,0.198976
autonomy,impartiality,26,0.176141
autonomy,impartiality,27,0.158858
autonomy,impartiality,28,0.155682
autonomy,impartiality,29,0.082841
autonomy,impartiality,30,0.125528
autonomy,impartiality,31,0.166324
autonomy,integrity,0,0.835021
autonomy,integrity,1,0.752733
autonomy,integrity,2,0.709712
autonomy,integrity,3,0.667963
autonomy,integrity,4,0.602188
autonomy,integrity,5,0.605906
autonomy,integrity,6,0.621022
autonomy,integrity,7,0.579628
autonomy,integrity,8,0.520746
autonomy,integrity,9,0.436352
autonomy,integrity,10,0.442514
autonomy,integrity,11,0.436032
autonomy,integrity,12,0.473341
autonomy,integrity,13,0.484774
autonomy,integrity,14,0.219011
autonomy,integrity,15,0.280816
autonomy,integrity,16,0.288294
autonomy,integrity,17,0.261285
autonomy,integrity,18,0.291058
autonomy,integrity,19,0.282583
autonomy,integrity,20,0.253354
autonomy,integrity,21,0.260985
autonomy,integrity,22,0.258726
autonomy,integrity,23,0.250897
autonomy,integrity,24,0.247189
autonomy,integrity,25,0.233754
autonomy,integrity,26,0.224346
autonomy,integrity,27,0.206801
autonomy,integrity,28,0.20421
autonomy,integrity,29,0.179013
autonomy,integrity,30,0.200715
autonomy,integrity,31,0.22859
autonomy,kindness,0,0.914512
autonomy,kindness,1,0.911443
autonomy,kindness,2,0.882335
autonomy,kindness,3,0.835652
autonomy,kindness,4,0.70522
autonomy,kindness,5,0.719223
autonomy,kindness,6,0.715336
autonomy,kindness,7,0.680686
autonomy,kindness,8,0.663011
autonomy,kindness,9,0.635122
autonomy,kindness,10,0.599161
autonomy,kindness,11,0.543857
autonomy,kindness,12,0.497108
autonomy,kindness,13,0.474431
autonomy,kindness,14,0.312014
autonomy,kindness,15,0.392385
autonomy,kindness,16,0.404911
autonomy,kindness,17,0.319004
autonomy,kindness,18,0.328043
autonomy,kindness,19,0.321245
autonomy,kindness,20,0.318352
autonomy,kindness,21,0.303398
autonomy,kindness,22,0.288943
autonomy,kindness,23,0.271326
autonomy,kindness,24,0.263146
autonomy,kindness,25,0.263832
autonomy,kindness,26,0.237791
autonomy,kindness,27,0.241102
autonomy,kindness,28,0.22194
autonomy,kindness,29,0.182936
autonomy,kindness,30,0.189452
autonomy,kindness,31,0.17956
autonomy,loyalty,0,0.908922
autonomy,loyalty,1,0.894525
autonomy,loyalty,2,0.875352
autonomy,loyalty,3,0.810165
autonomy,loyalty,4,0.699096
autonomy,loyalty,5,0.733176
autonomy,loyalty,6,0.711018
autonomy,loyalty,7,0.680299
autonomy,loyalty,8,0.604533
autonomy,loyalty,9,0.589563
autonomy,loyalty,10,0.51928
autonomy,loyalty,11,0.46573
autonomy,loyalty,12,0.329448
autonomy,loyalty,13,0.294424
autonomy,loyalty,14,0.226863
autonomy,loyalty,15,0.349507
autonomy,loyalty,16,0.404081
autonomy,loyalty,17,0.410415
autonomy,loyalty,18,0.421718
autonomy,loyalty,19,0.421455
autonomy,loyalty,20,0.448526
autonomy,loyalty,21,0.46173
autonomy,loyalty,22,0.457117
autonomy,loyalty,23,0.446858
autonomy,loyalty,24,0.42655
autonomy,loyalty,25,0.428767
autonomy,loyalty,26,0.40006
autonomy,loyalty,27,0.370534
autonomy,loyalty,28,0.350187
autonomy,loyalty,29,0.305029
autonomy,loyalty,30,0.298132
autonomy,loyalty,31,0.350413
autonomy,mercy,0,0.927421
autonomy,mercy,1,0.871999
autonomy,mercy,2,0.807589
autonomy,mercy,3,0.7241
autonomy,mercy,4,0.608954
autonomy,mercy,5,0.679934
autonomy,mercy,6,0.672152
autonomy,mercy,7,0.55238
autonomy,mercy,8,0.561988
autonomy,mercy,9,0.555879
autonomy,mercy,10,0.584696
autonomy,mercy,11,0.550889
autonomy,mercy,12,0.535698
autonomy,mercy,13,0.400188
autonomy,mercy,14,0.013479
autonomy,mercy,15,0.132118
autonomy,mercy,16,0.184602
autonomy,mercy,17,0.073329
autonomy,mercy,18,0.032367
autonomy,mercy,19,0.018508
autonomy,mercy,20,0.019041
autonomy,mercy,21,0.005464
autonomy,mercy,22,-0.027872
autonomy,mercy,23,0.015559
autonomy,mercy,24,-0.02294
autonomy,mercy,25,-0.002094
autonomy,mercy,26,-0.01782
autonomy,mercy,27,-0.022618
autonomy,mercy,28,-0.046819
autonomy,mercy,29,-0.095579
autonomy,mercy,30,-0.048154
autonomy,mercy,31,-0.073503
autonomy,privacy,0,0.901032
autonomy,privacy,1,0.863137
autonomy,privacy,2,0.813044
autonomy,privacy,3,0.791734
autonomy,privacy,4,0.680648
autonomy,privacy,5,0.66133
autonomy,privacy,6,0.638087
autonomy,privacy,7,0.593677
autonomy,privacy,8,0.544506
autonomy,privacy,9,0.533613
autonomy,privacy,10,0.476862
autonomy,privacy,11,0.44146
autonomy,privacy,12,0.388055
autonomy,privacy,13,0.380419
autonomy,privacy,14,0.063824
autonomy,privacy,15,0.24922
autonomy,privacy,16,0.281662
autonomy,privacy,17,0.223291
autonomy,privacy,18,0.268358
autonomy,privacy,19,0.264388
autonomy,privacy,20,0.236835
autonomy,privacy,21,0.234953
autonomy,privacy,22,0.21573
autonomy,privacy,23,0.231746
autonomy,privacy,24,0.181127
autonomy,privacy,25,0.189803
autonomy,privacy,26,0.167113
autonomy,privacy,27,0.131455
autonomy,privacy,28,0.102907
autonomy,privacy,29,0.026992
autonomy,privacy,30,0.090949
autonomy,privacy,31,0.091615
autonomy,sanctity,0,0.893602
autonomy,sanctity,1,0.873826
autonomy,sanctity,2,0.869058
autonomy,sanctity,3,0.840436
autonomy,sanctity,4,0.705461
autonomy,sanctity,5,0.726303
autonomy,sanctity,6,0.683465
autonomy,sanctity,7,0.646194
autonomy,sanctity,8,0.512513
autonomy,sanctity,9,0.530927
autonomy,sanctity,10,0.460923
autonomy,sanctity,11,0.398882
autonomy,sanctity,12,0.378302
autonomy,sanctity,13,0.389569
autonomy,sanctity,14,0.244338
autonomy,sanctity,15,0.394049
autonomy,sanctity,16,0.405587
autonomy,sanctity,17,0.417159
autonomy,sanctity,18,0.440351
autonomy,sanctity,19,0.440381
autonomy,sanctity,20,0.440715
autonomy,sanctity,21,0.443323
autonomy,sanctity,22,0.43227
autonomy,sanctity,23,0.421323
autonomy,sanctity,24,0.413268
autonomy,sanctity,25,0.419939
autonomy,sanctity,26,0.418251
autonomy,sanctity,27,0.398263
autonomy,sanctity,28,0.376651
autonomy,sanctity,29,0.323999
autonomy,sanctity,30,0.335855
autonomy,sanctity,31,0.334727
autonomy,tradition,0,0.89958
autonomy,tradition,1,0.867277
autonomy,tradition,2,0.841844
autonomy,tradition,3,0.807848
autonomy,tradition,4,0.702445
autonomy,tradition,5,0.693959
autonomy,tradition,6,0.674365
autonomy,tradition,7,0.627286
autonomy,tradition,8,0.551647
autonomy,tradition,9,0.484445
autonomy,tradition,10,0.43188
autonomy,tradition,11,0.436517
autonomy,tradition,12,0.431822
autonomy,tradition,13,0.424374
autonomy,tradition,14,0.544594
autonomy,tradition,15,0.584156
autonomy,tradition,16,0.591974
autonomy,tradition,17,0.617817
autonomy,tradition,18,0.652092
autonomy,tradition,19,0.658615
autonomy,tradition,20,0.684481
autonomy,tradition,21,0.6928
autonomy,tradition,22,0.68796
autonomy,tradition,23,0.680549
autonomy,tradition,24,0.680338
autonomy,tradition,25,0.674911
autonomy,tradition,26,0.682549
autonomy,tradition,27,0.669203
autonomy,tradition,28,0.66243
autonomy,tradition,29,0.66713
autonomy,tradition,30,0.642117
autonomy,tradition,31,0.637163
care,collective_welfare,0,0.921934
care,collective_welfare,1,0.894317
care,collective_welfare,2,0.855959
care,collective_welfare,3,0.814025
care,collective_welfare,4,0.645557
care,collective_welfare,5,0.641095
care,collective_welfare,6,0.635561
care,collective_welfare,7,0.636953
care,collective_welfare,8,0.559029
care,collective_welfare,9,0.534003
care,collective_welfare,10,0.440979
care,collective_welfare,11,0.448316
care,collective_welfare,12,0.465019
care,collective_welfare,13,0.447097
care,collective_welfare,14,0.352444
care,collective_welfare,15,0.36279
care,collective_welfare,16,0.381374
care,collective_welfare,17,0.370206
care,collective_welfare,18,0.378866
care,collective_welfare,19,0.403022
care,collective_welfare,20,0.403663
care,collective_welfare,21,0.419558
care,collective_welfare,22,0.422284
care,collective_welfare,23,0.43803
care,collective_welfare,24,0.435537
care,collective_welfare,25,0.44336
care,collective_welfare,26,0.449726
care,collective_welfare,27,0.442162
care,collective_welfare,28,0.451724
care,collective_welfare,29,0.445817
care,collective_welfare,30,0.432183
care,collective_welfare,31,0.430742
care,desert,0,0.925072
care,desert,1,0.902302
care,desert,2,0.882184
care,desert,3,0.819354
care,desert,4,0.711869
care,desert,5,0.703654
care,desert,6,0.685598
care,desert,7,0.676838
care,desert,8,0.610325
care,desert,9,0.56786
care,desert,10,0.501214
care,desert,11,0.468629
care,desert,12,0.345721
care,desert,13,0.363045
care,desert,14,0.25656
care,desert,15,0.329638
care,desert,16,0.338763
care,desert,17,0.326717
care,desert,18,0.337993
care,desert,19,0.356354
care,desert,20,0.361043
care,desert,21,0.347996
care,desert,22,0.33363
care,desert,23,0.358568
care,desert,24,0.357129
care,desert,25,0.364439
care,desert,26,0.364586
care,desert,27,0.364193
care,desert,28,0.354809
care,desert,29,0.345738
care,desert,30,0.378003
care,desert,31,0.408511
care,fairness,0,0.955858
care,fairness,1,0.934681
care,fairness,2,0.920467
care,fairness,3,0.893822
care,fairness,4,0.820776
care,fairness,5,0.824504
care,fairness,6,0.809852
care,fairness,7,0.782958
care,fairness,8,0.709446
care,fairness,9,0.701686
care,fairness,10,0.666594
care,fairness,11,0.656743
care,fairness,12,0.481
care,fairness,13,0.505808
care,fairness,14,0.373821
care,fairness,15,0.483313
care,fairness,16,0.490301
care,fairness,17,0.498344
care,fairness,18,0.500538
care,fairness,19,0.520419
care,fairness,20,0.533785
care,fairness,21,0.536096
care,fairness,22,0.520448
care,fairness,23,0.531075
care,fairness,24,0.542803
care,fairness,25,0.532997
care,fairness,26,0.530679
care,fairness,27,0.531022
care,fairness,28,0.525576
care,fairness,29,0.51949
care,fairness,30,0.503754
care,fairness,31,0.486087
care,harm_avoidance,0,0.950896
care,harm_avoidance,1,0.942773
care,harm_avoidance,2,0.931679
care,harm_avoidance,3,0.897402
care,harm_avoidance,4,0.800717
care,harm_avoidance,5,0.800395
care,harm_avoidance,6,0.804555
care,harm_avoidance,7,0.781607
care,harm_avoidance,8,0.743275
care,harm_avoidance,9,0.745601
care,harm_avoidance,10,0.700226
care,harm_avoidance,11,0.681189
care,harm_avoidance,12,0.673988
care,harm_avoidance,13,0.713588
care,harm_avoidance,14,0.552766
care,harm_avoidance,15,0.630624
care,harm_avoidance,16,0.652015
care,harm_avoidance,17,0.593767
care,harm_avoidance,18,0.584164
care,harm_avoidance,19,0.599089
care,harm_avoidance,20,0.590599
care,harm_avoidance,21,0.5847
care,harm_avoidance,22,0.555818
care,harm_avoidance,23,0.582103
care,harm_avoidance,24,0.570781
care,harm_avoidance,25,0.574456
care,harm_avoidance,26,0.558693
care,harm_avoidance,27,0.533633
care,harm_avoidance,28,0.527161
care,harm_avoidance,29,0.491992
care,harm_avoidance,30,0.514959
care,harm_avoidance,31,0.55843
care,honesty,0,0.934214
care,honesty,1,0.907006
care,honesty,2,0.880766
care,honesty,3,0.819631
care,honesty,4,0.719594
care,honesty,5,0.745661
care,honesty,6,0.737888
care,honesty,7,0.706654
care,honesty,8,0.668881
care,honesty,9,0.558969
care,honesty,10,0.498752
care,honesty,11,0.477557
care,honesty,12,0.438493
care,honesty,13,0.495662
care,honesty,14,0.391974
care,honesty,15,0.474968
care,honesty,16,0.532034
care,honesty,17,0.50242
care,honesty,18,0.521232
care,honesty,19,0.550037
care,honesty,20,0.566301
care,honesty,21,0.570336
care,honesty,22,0.55387
care,honesty,23,0.562931
care,honesty,24,0.568056
care,honesty,25,0.563739
care,honesty,26,0.560518
care,honesty,27,0.545159
care,honesty,28,0.523161
care,honesty,29,0.497594
care,honesty,30,0.504801
care,honesty,31,0.53635
care,impartiality,0,0.90232
care,impartiality,1,0.877298
care,impartiality,2,0.855992
care,impartiality,3,0.80804
care,impartiality,4,0.676579
care,impartiality,5,0.655161
care,impartiality,6,0.610188
care,impartiality,7,0.562645
care,impartiality,8,0.533391
care,impartiality,9,0.468833
care,impartiality,10,0.459409
care,impartiality,11,0.468755
care,impartiality,12,0.496227
care,impartiality,13,0.507752
care,impartiality,14,0.465657
care,impartiality,15,0.523476
care,impartiality,16,0.546052
care,impartiality,17,0.483147
care,impartiality,18,0.454765
care,impartiality,19,0.467202
care,impartiality,20,0.438883
care,impartiality,21,0.45995
care,impartiality,22,0.434302
care,impartiality,23,0.451594
care,impartiality,24,0.435013
care,impartiality,25,0.431218
care,impartiality,26,0.418678
care,impartiality,27,0.385991
care,impartiality,28,0.359196
care,impartiality,29,0.302748
care,impartiality,30,0.342532
care,impartiality,31,0.361552
care,integrity,0,0.889727
care,integrity,1,0.827444
care,integrity,2,0.800119
care,integrity,3,0.724831
care,integrity,4,0.6542
care,integrity,5,0.646754
care,integrity,6,0.644273
care,integrity,7,0.647679
care,integrity,8,0.587446
care,integrity,9,0.551357
care,integrity,10,0.545791
care,integrity,11,0.553052
care,integrity,12,0.469715
care,integrity,13,0.498104
care,integrity,14,0.449389
care,integrity,15,0.451755
care,integrity,16,0.528348
care,integrity,17,0.537306
care,integrity,18,0.557959
care,integrity,19,0.578419
care,integrity,20,0.568705
care,integrity,21,0.573017
care,integrity,22,0.556106
care,integrity,23,0.536801
care,integrity,24,0.531774
care,integrity,25,0.52429
care,integrity,26,0.51155
care,integrity,27,0.50789
care,integrity,28,0.481989
care,integrity,29,0.465868
care,integrity,30,0.475478
care,integrity,31,0.473977
care,kindness,0,0.959947
care,kindness,1,0.955196
care,kindness,2,0.929689
care,kindness,3,0.889306
care,kindness,4,0.80665
care,kindness,5,0.803783
care,kindness,6,0.769081
care,kindness,7,0.77698
care,kindness,8,0.762598
care,kindness,9,0.742809
care,kindness,10,0.733514
care,kindness,11,0.747004
care,kindness,12,0.636775
care,kindness,13,0.688785
care,kindness,14,0.600083
care,kindness,15,0.624888
care,kindness,16,0.646069
care,kindness,17,0.622896
care,kindness,18,0.636089
care,kindness,19,0.641114
care,kindness,20,0.62887
care,kindness,21,0.611428
care,kindness,22,0.596993
care,kindness,23,0.59687
care,kindness,24,0.59098
care,kindness,25,0.590623
care,kindness,26,0.577359
care,kindness,27,0.564343
care,kindness,28,0.545109
care,kindness,29,0.510324
care,kindness,30,0.53682
care,kindness,31,0.536504
care,loyalty,0,0.944177
care,loyalty,1,0.929484
care,loyalty,2,0.910306
care,loyalty,3,0.836703
care,loyalty,4,0.716394
care,loyalty,5,0.724277
care,loyalty,6,0.714602
care,loyalty,7,0.681258
care,loyalty,8,0.61033
care,loyalty,9,0.602124
care,loyalty,10,0.542578
care,loyalty,11,0.489329
care,loyalty,12,0.291893
care,loyalty,13,0.185038
care,loyalty,14,0.167737
care,loyalty,15,0.212556
care,loyalty,16,0.198156
care,loyalty,17,0.144114
care,loyalty,18,0.156297
care,loyalty,19,0.193727
care,loyalty,20,0.170906
care,loyalty,21,0.160581
care,loyalty,22,0.154947
care,loyalty,23,0.173829
care,loyalty,24,0.170512
care,loyalty,25,0.191482
care,loyalty,26,0.167359
care,loyalty,27,0.162612
care,loyalty,28,0.162829
care,loyalty,29,0.114845
care,loyalty,30,0.141604
care,loyalty,31,0.14934
care,mercy,0,0.928178
care,mercy,1,0.869318
care,mercy,2,0.818271
care,mercy,3,0.662919
care,mercy,4,0.496027
care,mercy,5,0.582129
care,mercy,6,0.562023
care,mercy,7,0.496642
care,mercy,8,0.484109
care,mercy,9,0.507702
care,mercy,10,0.510254
care,mercy,11,0.529942
care,mercy,12,0.500724
care,mercy,13,0.386321
care,mercy,14,0.23003
care,mercy,15,0.299908
care,mercy,16,0.313507
care,mercy,17,0.276867
care,mercy,18,0.24883
care,mercy,19,0.258761
care,mercy,20,0.242744
care,mercy,21,0.25244
care,mercy,22,0.212188
care,mercy,23,0.252795
care,mercy,24,0.240962
care,mercy,25,0.249639
care,mercy,26,0.230323
care,mercy,27,0.197969
care,mercy,28,0.177245
care,mercy,29,0.105517
care,mercy,30,0.164842
care,mercy,31,0.246453
care,privacy,0,0.941495
care,privacy,1,0.922103
care,privacy,2,0.887813
care,privacy,3,0.850193
care,privacy,4,0.722544
care,privacy,5,0.693636
care,privacy,6,0.688528
care,privacy,7,0.679835
care,privacy,8,0.650131
care,privacy,9,0.634941
care,privacy,10,0.625258
care,privacy,11,0.667924
care,privacy,12,0.681794
care,privacy,13,0.706716
care,privacy,14,0.474237
care,privacy,15,0.603154
care,privacy,16,0.611194
care,privacy,17,0.518995
care,privacy,18,0.524015
care,privacy,19,0.535866
care,privacy,20,0.533802
care,privacy,21,0.535999
care,privacy,22,0.496656
care,privacy,23,0.525865
care,privacy,24,0.508153
care,privacy,25,0.514847
care,privacy,26,0.502983
care,privacy,27,0.460416
care,privacy,28,0.425597
care,privacy,29,0.352229
care,privacy,30,0.415235
care,privacy,31,0.501499
care,sanctity,0,0.893814
care,sanctity,1,0.876703
care,sanctity,2,0.832028
care,sanctity,3,0.79419
care,sanctity,4,0.653749
care,sanctity,5,0.678535
care,sanctity,6,0.639255
care,sanctity,7,0.631724
care,sanctity,8,0.577867
care,sanctity,9,0.518503
care,sanctity,10,0.488635
care,sanctity,11,0.511078
care,sanctity,12,0.537018
care,sanctity,13,0.541082
care,sanctity,14,0.463964
care,sanctity,15,0.584673
care,sanctity,16,0.625504
care,sanctity,17,0.58312
care,sanctity,18,0.608122
care,sanctity,19,0.615531
care,sanctity,20,0.610018
care,sanctity,21,0.603305
care,sanctity,22,0.573703
care,sanctity,23,0.585274
care,sanctity,24,0.582371
care,sanctity,25,0.576517
care,sanctity,26,0.570563
care,sanctity,27,0.554556
care,sanctity,28,0.531799
care,sanctity,29,0.493097
care,sanctity,30,0.509513
care,sanctity,31,0.560037
care,tradition,0,0.940954
care,tradition,1,0.915999
care,tradition,2,0.888958
care,tradition,3,0.859051
care,tradition,4,0.753449
care,tradition,5,0.758002
care,tradition,6,0.74794
care,tradition,7,0.732477
care,tradition,8,0.662101
care,tradition,9,0.645462
care,tradition,10,0.568341
care,tradition,11,0.579967
care,tradition,12,0.444103
care,tradition,13,0.393623
care,tradition,14,0.251278
care,tradition,15,0.280906
care,tradition,16,0.301401
care,tradition,17,0.271083
care,tradition,18,0.307816
care,tradition,19,0.306911
care,tradition,20,0.288265
care,tradition,21,0.28926
care,tradition,22,0.302952
care,tradition,23,0.302162
care,tradition,24,0.290678
care,tradition,25,0.300726
care,tradition,26,0.309168
care,tradition,27,0.308053
care,tradition,28,0.318084
care,tradition,29,0.306791
care,tradition,30,0.311364
care,tradition,31,0.276298
collective_welfare,desert,0,0.940506
collective_welfare,desert,1,0.932876
collective_welfare,desert,2,0.921329
collective_welfare,desert,3,0.896171
collective_welfare,desert,4,0.81884
collective_welfare,desert,5,0.823168
collective_welfare,desert,6,0.810515
collective_welfare,desert,7,0.802679
collective_welfare,desert,8,0.782094
collective_welfare,desert,9,0.730644
collective_welfare,desert,10,0.675693
collective_welfare,desert,11,0.62813
collective_welfare,desert,12,0.56058
collective_welfare,desert,13,0.556598
collective_welfare,desert,14,0.50495
collective_welfare,desert,15,0.530397
collective_welfare,desert,16,0.558599
collective_welfare,desert,17,0.570496
collective_welfare,desert,18,0.604245
collective_welfare,desert,19,0.574006
collective_welfare,desert,20,0.578121
collective_welfare,desert,21,0.595558
collective_welfare,desert,22,0.590665
collective_welfare,desert,23,0.58232
collective_welfare,desert,24,0.555136
collective_welfare,desert,25,0.559179
collective_welfare,desert,26,0.55259
collective_welfare,desert,27,0.537998
collective_welfare,desert,28,0.504554
collective_welfare,desert,29,0.470103
collective_welfare,desert,30,0.465467
collective_welfare,desert,31,0.480255
collective_welfare,fairness,0,0.940653
collective_welfare,fairness,1,0.913482
collective_welfare,fairness,2,0.889329
collective_welfare,fairness,3,0.842964
collective_welfare,fairness,4,0.742762
collective_welfare,fairness,5,0.738123
collective_welfare,fairness,6,0.733829
collective_welfare,fairness,7,0.743834
collective_welfare,fairness,8,0.720779
collective_welfare,fairness,9,0.698263
collective_welfare,fairness,10,0.671872
collective_welfare,fairness,11,0.685679
collective_welfare,fairness,12,0.625477
collective_welfare,fairness,13,0.593714
collective_welfare,fairness,14,0.44512
collective_welfare,fairness,15,0.545555
collective_welfare,fairness,16,0.573296
collective_welfare,fairness,17,0.521493
collective_welfare,fairness,18,0.552197
collective_welfare,fairness,19,0.55781
collective_welfare,fairness,20,0.554225
collective_welfare,fairness,21,0.572893
collective_welfare,fairness,22,0.565233
collective_welfare,fairness,23,0.553994
collective_welfare,fairness,24,0.547899
collective_welfare,fairness,25,0.544739
collective_welfare,fairness,26,0.545771
collective_welfare,fairness,27,0.514558
collective_welfare,fairness,28,0.522081
collective_welfare,fairness,29,0.5029
collective_welfare,fairness,30,0.473691
collective_welfare,fairness,31,0.446613
collective_welfare,harm_avoidance,0,0.922251
collective_welfare,harm_avoidance,1,0.897739
collective_welfare,harm_avoidance,2,0.894043
collective_welfare,harm_avoidance,3,0.863299
collective_welfare,harm_avoidance,4,0.81264
collective_welfare,harm_avoidance,5,0.809119
collective_welfare,harm_avoidance,6,0.782117
collective_welfare,harm_avoidance,7,0.772217
collective_welfare,harm_avoidance,8,0.758831
collective_welfare,harm_avoidance,9,0.728403
collective_welfare,harm_avoidance,10,0.683356
collective_welfare,harm_avoidance,11,0.686322
collective_welfare,harm_avoidance,12,0.612133
collective_welfare,harm_avoidance,13,0.543247
collective_welfare,harm_avoidance,14,0.372321
collective_welfare,harm_avoidance,15,0.453168
collective_welfare,harm_avoidance,16,0.511074
collective_welfare,harm_avoidance,17,0.494296
collective_welfare,harm_avoidance,18,0.515777
collective_welfare,harm_avoidance,19,0.548999
collective_welfare,harm_avoidance,20,0.568022
collective_welfare,harm_avoidance,21,0.577821
collective_welfare,harm_avoidance,22,0.572666
collective_welfare,harm_avoidance,23,0.560655
collective_welfare,harm_avoidance,24,0.537531
collective_welfare,harm_avoidance,25,0.538902
collective_welfare,harm_avoidance,26,0.506666
collective_welfare,harm_avoidance,27,0.464788
collective_welfare,harm_avoidance,28,0.450077
collective_welfare,harm_avoidance,29,0.393284
collective_welfare,harm_avoidance,30,0.398177
collective_welfare,harm_avoidance,31,0.415921
collective_welfare,honesty,0,0.929561
collective_welfare,honesty,1,0.894396
collective_welfare,honesty,2,0.865325
collective_welfare,honesty,3,0.792781
collective_welfare,honesty,4,0.655069
collective_welfare,honesty,5,0.682102
collective_welfare,honesty,6,0.656789
collective_welfare,honesty,7,0.656561
collective_welfare,honesty,8,0.612833
collective_welfare,honesty,9,0.574071
collective_welfare,honesty,10,0.57034
collective_welfare,honesty,11,0.572115
collective_welfare,honesty,12,0.535946
collective_welfare,honesty,13,0.526478
collective_welfare,honesty,14,0.397208
collective_welfare,honesty,15,0.46705
collective_welfare,honesty,16,0.491891
collective_welfare,honesty,17,0.489834
collective_welfare,honesty,18,0.514298
collective_welfare,honesty,19,0.543998
collective_welfare,honesty,20,0.548846
collective_welfare,honesty,21,0.56467
collective_welfare,honesty,22,0.563267
collective_welfare,honesty,23,0.56623
collective_welfare,honesty,24,0.552739
collective_welfare,honesty,25,0.552726
collective_welfare,honesty,26,0.524725
collective_welfare,honesty,27,0.500832
collective_welfare,honesty,28,0.490615
collective_welfare,honesty,29,0.440126
collective_welfare,honesty,30,0.422964
collective_welfare,honesty,31,0.457147
collective_welfare,impartiality,0,0.929649
collective_welfare,impartiality,1,0.909506
collective_welfare,impartiality,2,0.869761
collective_welfare,impartiality,3,0.783529
collective_welfare,impartiality,4,0.615153
collective_welfare,impartiality,5,0.638751
collective_welfare,impartiality,6,0.622591
collective_welfare,impartiality,7,0.561611
collective_welfare,impartiality,8,0.559915
collective_welfare,impartiality,9,0.518535
collective_welfare,impartiality,10,0.473709
collective_welfare,impartiality,11,0.460926
collective_welfare,impartiality,12,0.42508
collective_welfare,impartiality,13,0.343128
collective_welfare,impartiality,14,0.305301
collective_welfare,impartiality,15,0.369457
collective_welfare,impartiality,16,0.431341
collective_welfare,impartiality,17,0.345929
collective_welfare,impartiality,18,0.30849
collective_welfare,impartiality,19,0.341874
collective_welfare,impartiality,20,0.33249
collective_welfare,impartiality,21,0.365228
collective_welfare,impartiality,22,0.361249
collective_welfare,impartiality,23,0.387105
collective_welfare,impartiality,24,0.376672
collective_welfare,impartiality,25,0.373287
collective_welfare,impartiality,26,0.351128
collective_welfare,impartiality,27,0.316724
collective_welfare,impartiality,28,0.296965
collective_welfare,impartiality,29,0.208103
collective_welfare,impartiality,30,0.239937
collective_welfare,impartiality,31,0.274868
collective_welfare,integrity,0,0.895259
collective_welfare,integrity,1,0.835602
collective_welfare,integrity,2,0.799993
collective_welfare,integrity,3,0.747326
collective_welfare,integrity,4,0.691928
collective_welfare,integrity,5,0.670825
collective_welfare,integrity,6,0.680076
collective_welfare,integrity,7,0.677528
collective_welfare,integrity,8,0.648921
collective_welfare,integrity,9,0.592096
collective_welfare,integrity,10,0.587471
collective_welfare,integrity,11,0.568209
collective_welfare,integrity,12,0.489645
collective_welfare,integrity,13,0.443004
collective_welfare,integrity,14,0.209021
collective_welfare,integrity,15,0.299081
collective_welfare,integrity,16,0.31072
collective_welfare,integrity,17,0.267556
collective_welfare,integrity,18,0.295668
collective_welfare,integrity,19,0.273173
collective_welfare,integrity,20,0.280045
collective_welfare,integrity,21,0.308402
collective_welfare,integrity,22,0.300793
collective_welfare,integrity,23,0.272585
collective_welfare,integrity,24,0.260612
collective_welfare,integrity,25,0.254782
collective_welfare,integrity,26,0.21633
collective_welfare,integrity,27,0.188404
collective_welfare,integrity,28,0.19271
collective_welfare,integrity,29,0.163535
collective_welfare,integrity,30,0.175719
collective_welfare,integrity,31,0.204315
collective_welfare,kindness,0,0.92358
collective_welfare,kindness,1,0.900879
collective_welfare,kindness,2,0.869749
collective_welfare,kindness,3,0.7976
collective_welfare,kindness,4,0.609569
collective_welfare,kindness,5,0.629241
collective_welfare,kindness,6,0.58703
collective_welfare,kindness,7,0.581232
collective_welfare,kindness,8,0.522487
collective_welfare,kindness,9,0.496067
collective_welfare,kindness,10,0.447956
collective_welfare,kindness,11,0.439107
collective_welfare,kindness,12,0.449504
collective_welfare,kindness,13,0.422275
collective_welfare,kindness,14,0.285427
collective_welfare,kindness,15,0.311929
collective_welfare,kindness,16,0.28686
collective_welfare,kindness,17,0.230972
collective_welfare,kindness,18,0.254396
collective_welfare,kindness,19,0.249416
collective_welfare,kindness,20,0.238004
collective_welfare,kindness,21,0.263498
collective_welfare,kindness,22,0.245607
collective_welfare,kindness,23,0.224299
collective_welfare,kindness,24,0.209247
collective_welfare,kindness,25,0.21536
collective_welfare,kindness,26,0.189341
collective_welfare,kindness,27,0.186186
collective_welfare,kindness,28,0.164245
collective_welfare,kindness,29,0.127141
collective_welfare,kindness,30,0.144551
collective_welfare,kindness,31,0.150089
collective_welfare,loyalty,0,0.919145
collective_welfare,loyalty,1,0.889588
collective_welfare,loyalty,2,0.843273
collective_welfare,loyalty,3,0.788678
collective_welfare,loyalty,4,0.695966
collective_welfare,loyalty,5,0.691262
collective_welfare,loyalty,6,0.644816
collective_welfare,loyalty,7,0.631742
collective_welfare,loyalty,8,0.58411
collective_welfare,loyalty,9,0.567004
collective_welfare,loyalty,10,0.501686
collective_welfare,loyalty,11,0.465395
collective_welfare,loyalty,12,0.365494
collective_welfare,loyalty,13,0.320589
collective_welfare,loyalty,14,0.219786
collective_welfare,loyalty,15,0.257154
collective_welfare,loyalty,16,0.303665
collective_welfare,loyalty,17,0.282427
collective_welfare,loyalty,18,0.31244
collective_welfare,loyalty,19,0.345916
collective_welfare,loyalty,20,0.352832
collective_welfare,loyalty,21,0.380776
collective_welfare,loyalty,22,0.37176
collective_welfare,loyalty,23,0.364287
collective_welfare,loyalty,24,0.346688
collective_welfare,loyalty,25,0.366261
collective_welfare,loyalty,26,0.345264
collective_welfare,loyalty,27,0.327053
collective_welfare,loyalty,28,0.299381
collective_welfare,loyalty,29,0.246724
collective_welfare,loyalty,30,0.244604
collective_welfare,loyalty,31,0.203055
collective_welfare,mercy,0,0.864272
collective_welfare,mercy,1,0.82356
collective_welfare,mercy,2,0.78746
collective_welfare,mercy,3,0.693298
collective_welfare,mercy,4,0.521795
collective_welfare,mercy,5,0.58426
collective_welfare,mercy,6,0.560307
collective_welfare,mercy,7,0.48853
collective_welfare,mercy,8,0.455006
collective_welfare,mercy,9,0.49134
collective_welfare,mercy,10,0.423149
collective_welfare,mercy,11,0.441288
collective_welfare,mercy,12,0.441974
collective_welfare,mercy,13,0.382002
collective_welfare,mercy,14,-0.043352
collective_welfare,mercy,15,0.142983
collective_welfare,mercy,16,0.146773
collective_welfare,mercy,17,0.054653
collective_welfare,mercy,18,-0.003865
collective_welfare,mercy,19,0.01645
collective_welfare,mercy,20,0.017559
collective_welfare,mercy,21,0.044871
collective_welfare,mercy,22,0.0202
collective_welfare,mercy,23,0.08098
collective_welfare,mercy,24,0.081994
collective_welfare,mercy,25,0.081049
collective_welfare,mercy,26,0.080565
collective_welfare,mercy,27,0.059454
collective_welfare,mercy,28,0.019237
collective_welfare,mercy,29,-0.055777
collective_welfare,mercy,30,0.014633
collective_welfare,mercy,31,0.140859
collective_welfare,privacy,0,0.934655
collective_welfare,privacy,1,0.906527
collective_welfare,privacy,2,0.871053
collective_welfare,privacy,3,0.829595
collective_welfare,privacy,4,0.755668
collective_welfare,privacy,5,0.744486
collective_welfare,privacy,6,0.728396
collective_welfare,privacy,7,0.702232
collective_welfare,privacy,8,0.681795
collective_welfare,privacy,9,0.629599
collective_welfare,privacy,10,0.563653
collective_welfare,privacy,11,0.536479
collective_welfare,privacy,12,0.50361
collective_welfare,privacy,13,0.498227
collective_welfare,privacy,14,0.315056
collective_welfare,privacy,15,0.421814
collective_welfare,privacy,16,0.47725
collective_welfare,privacy,17,0.37659
collective_welfare,privacy,18,0.367461
collective_welfare,privacy,19,0.391733
collective_welfare,privacy,20,0.373911
collective_welfare,privacy,21,0.387576
collective_welfare,privacy,22,0.374734
collective_welfare,privacy,23,0.39408
collective_welfare,privacy,24,0.36851
collective_welfare,privacy,25,0.359841
collective_welfare,privacy,26,0.339257
collective_welfare,privacy,27,0.283353
collective_welfare,privacy,28,0.257385
collective_welfare,privacy,29,0.151091
collective_welfare,privacy,30,0.194036
collective_welfare,privacy,31,0.313472
collective_welfare,sanctity,0,0.845354
collective_welfare,sanctity,1,0.849842
collective_welfare,sanctity,2,0.821431
collective_welfare,sanctity,3,0.823048
collective_welfare,sanctity,4,0.736486
collective_welfare,sanctity,5,0.734714
collective_welfare,sanctity,6,0.744355
collective_welfare,sanctity,7,0.737484
collective_welfare,sanctity,8,0.704913
collective_welfare,sanctity,9,0.66957
collective_welfare,sanctity,10,0.624104
collective_welfare,sanctity,11,0.618777
collective_welfare,sanctity,12,0.581383
collective_welfare,sanctity,13,0.548773
collective_welfare,sanctity,14,0.441063
collective_welfare,sanctity,15,0.462472
collective_welfare,sanctity,16,0.493433
collective_welfare,sanctity,17,0.483142
collective_welfare,sanctity,18,0.510697
collective_welfare,sanctity,19,0.555878
collective_welfare,sanctity,20,0.575662
collective_welfare,sanctity,21,0.584273
collective_welfare,sanctity,22,0.579379
collective_welfare,sanctity,23,0.570307
collective_welfare,sanctity,24,0.550041
collective_welfare,sanctity,25,0.553607
collective_welfare,sanctity,26,0.556503
collective_welfare,sanctity,27,0.523623
collective_welfare,sanctity,28,0.501393
collective_welfare,sanctity,29,0.440737
collective_welfare,sanctity,30,0.436358
collective_welfare,sanctity,31,0.458943
collective_welfare,tradition,0,0.940382
collective_welfare,tradition,1,0.918802
collective_welfare,tradition,2,0.90617
collective_welfare,tradition,3,0.877793
collective_welfare,tradition,4,0.782953
collective_welfare,tradition,5,0.772685
collective_welfare,tradition,6,0.773059
collective_welfare,tradition,7,0.76661
collective_welfare,tradition,8,0.742565
collective_welfare,tradition,9,0.713291
collective_welfare,tradition,10,0.680508
collective_welfare,tradition,11,0.672331
collective_welfare,tradition,12,0.574841
collective_welfare,tradition,13,0.5083
collective_welfare,tradition,14,0.501318
collective_welfare,tradition,15,0.48812
collective_welfare,tradition,16,0.560859
collective_welfare,tradition,17,0.603439
collective_welfare,tradition,18,0.6649
collective_welfare,tradition,19,0.674109
collective_welfare,tradition,20,0.696312
collective_welfare,tradition,21,0.692143
collective_welfare,tradition,22,0.692105
collective_welfare,tradition,23,0.689362
collective_welfare,tradition,24,0.652406
collective_welfare,tradition,25,0.669549
collective_welfare,tradition,26,0.682935
collective_welfare,tradition,27,0.676318
collective_welfare,tradition,28,0.671668
collective_welfare,tradition,29,0.67072
collective_welfare,tradition,30,0.667427
collective_welfare,tradition,31,0.606534
desert,fairness,0,0.934102
desert,fairness,1,0.914163
desert,fairness,2,0.908531
desert,fairness,3,0.841793
desert,fairness,4,0.782321
desert,fairness,5,0.774296
desert,fairness,6,0.781011
desert,fairness,7,0.765913
desert,fairness,8,0.712271
desert,fairness,9,0.663037
desert,fairness,10,0.615893
desert,fairness,11,0.605036
desert,fairness,12,0.552447
desert,fairness,13,0.544377
desert,fairness,14,0.484893
desert,fairness,15,0.482107
desert,fairness,16,0.507823
desert,fairness,17,0.52705
desert,fairness,18,0.550653
desert,fairness,19,0.560805
desert,fairness,20,0.559066
desert,fairness,21,0.552351
desert,fairness,22,0.53657
desert,fairness,23,0.5386
desert,fairness,24,0.528437
desert,fairness,25,0.538443
desert,fairness,26,0.538178
desert,fairness,27,0.525583
desert,fairness,28,0.521932
desert,fairness,29,0.499279
desert,fairness,30,0.499964
desert,fairness,31,0.499331
desert,harm_avoidance,0,0.910615
desert,harm_avoidance,1,0.883468
desert,harm_avoidance,2,0.887637
desert,harm_avoidance,3,0.842627
desert,harm_avoidance,4,0.814966
desert,harm_avoidance,5,0.803528
desert,harm_avoidance,6,0.771511
desert,harm_avoidance,7,0.765814
desert,harm_avoidance,8,0.74334
desert,harm_avoidance,9,0.703614
desert,harm_avoidance,10,0.662918
desert,harm_avoidance,11,0.627257
desert,harm_avoidance,12,0.498839
desert,harm_avoidance,13,0.474298
desert,harm_avoidance,14,0.452549
desert,harm_avoidance,15,0.519873
desert,harm_avoidance,16,0.556035
desert,harm_avoidance,17,0.599501
desert,harm_avoidance,18,0.605515
desert,harm_avoidance,19,0.624876
desert,harm_avoidance,20,0.607144
desert,harm_avoidance,21,0.601191
desert,harm_avoidance,22,0.592447
desert,harm_avoidance,23,0.604
desert,harm_avoidance,24,0.607217
desert,harm_avoidance,25,0.60555
desert,harm_avoidance,26,0.598747
desert,harm_avoidance,27,0.578369
desert,harm_avoidance,28,0.580201
desert,harm_avoidance,29,0.574152
desert,harm_avoidance,30,0.55296
desert,harm_avoidance,31,0.569683
desert,honesty,0,0.927051
desert,honesty,1,0.907263
desert,honesty,2,0.88434
desert,honesty,3,0.819319
desert,honesty,4,0.689087
desert,honesty,5,0.704941
desert,honesty,6,0.671879
desert,honesty,7,0.685697
desert,honesty,8,0.59611
desert,honesty,9,0.449033
desert,honesty,10,0.438612
desert,honesty,11,0.427694
desert,honesty,12,0.397583
desert,honesty,13,0.456648
desert,honesty,14,0.446754
desert,honesty,15,0.472777
desert,honesty,16,0.480391
desert,honesty,17,0.500678
desert,honesty,18,0.520517
desert,honesty,19,0.528891
desert,honesty,20,0.523003
desert,honesty,21,0.515093
desert,honesty,22,0.493995
desert,honesty,23,0.509302
desert,honesty,24,0.484454
desert,honesty,25,0.483169
desert,honesty,26,0.474779
desert,honesty,27,0.452492
desert,honesty,28,0.450409
desert,honesty,29,0.4247
desert,honesty,30,0.425546
desert,honesty,31,0.432992
desert,impartiality,0,0.913065
desert,impartiality,1,0.91193
desert,impartiality,2,0.878984
desert,impartiality,3,0.813452
desert,impartiality,4,0.679311
desert,impartiality,5,0.695702
desert,impartiality,6,0.67234
desert,impartiality,7,0.595442
desert,impartiality,8,0.555135
desert,impartiality,9,0.469546
desert,impartiality,10,0.446118
desert,impartiality,11,0.431685
desert,impartiality,12,0.333779
desert,impartiality,13,0.230969
desert,impartiality,14,0.224367
desert,impartiality,15,0.31623
desert,impartiality,16,0.361255
desert,impartiality,17,0.335744
desert,impartiality,18,0.323224
desert,impartiality,19,0.34257
desert,impartiality,20,0.348853
desert,impartiality,21,0.358361
desert,impartiality,22,0.358116
desert,impartiality,23,0.379544
desert,impartiality,24,0.364734
desert,impartiality,25,0.378682
desert,impartiality,26,0.37674
desert,impartiality,27,0.351431
desert,impartiality,28,0.356286
desert,impartiality,29,0.338355
desert,impartiality,30,0.332556
desert,impartiality,31,0.333131
desert,integrity,0,0.910692
desert,integrity,1,0.853441
desert,integrity,2,0.834408
desert,integrity,3,0.770538
desert,integrity,4,0.720253
desert,integrity,5,0.704844
desert,integrity,6,0.716458
desert,integrity,7,0.69538
desert,integrity,8,0.683176
desert,integrity,9,0.629968
desert,integrity,10,0.599459
desert,integrity,11,0.55227
desert,integrity,12,0.475251
desert,integrity,13,0.49983
desert,integrity,14,0.390244
desert,integrity,15,0.415015
desert,integrity,16,0.393887
desert,integrity,17,0.38142
desert,integrity,18,0.387715
desert,integrity,19,0.400301
desert,integrity,20,0.391508
desert,integrity,21,0.37605
desert,integrity,22,0.355057
desert,integrity,23,0.365975
desert,integrity,24,0.362366
desert,integrity,25,0.361804
desert,integrity,26,0.354847
desert,integrity,27,0.34102
desert,integrity,28,0.34389
desert,integrity,29,0.342371
desert,integrity,30,0.350422
desert,integrity,31,0.394439
desert,kindness,0,0.915273
desert,kindness,1,0.90243
desert,kindness,2,0.873901
desert,kindness,3,0.795688
desert,kindness,4,0.64982
desert,kindness,5,0.667496
desert,kindness,6,0.665394
desert,kindness,7,0.639075
desert,kindness,8,0.573984
desert,kindness,9,0.482791
desert,kindness,10,0.451014
desert,kindness,11,0.428929
desert,kindness,12,0.424815
desert,kindness,13,0.383111
desert,kindness,14,0.340091
desert,kindness,15,0.361771
desert,kindness,16,0.335704
desert,kindness,17,0.308667
desert,kindness,18,0.334561
desert,kindness,19,0.343843
desert,kindness,20,0.345378
desert,kindness,21,0.327377
desert,kindness,22,0.30371
desert,kindness,23,0.31195
desert,kindness,24,0.309544
desert,kindness,25,0.307324
desert,kindness,26,0.311416
desert,kindness,27,0.309405
desert,kindness,28,0.313697
desert,kindness,29,0.31195
desert,kindness,30,0.307853
desert,kindness,31,0.308528
desert,loyalty,0,0.910707
desert,loyalty,1,0.898207
desert,loyalty,2,0.872948
desert,loyalty,3,0.829818
desert,loyalty,4,0.715507
desert,loyalty,5,0.726858
desert,loyalty,6,0.697524
desert,loyalty,7,0.660886
desert,loyalty,8,0.615384
desert,loyalty,9,0.538415
desert,loyalty,10,0.515934
desert,loyalty,11,0.488661
desert,loyalty,12,0.419967
desert,loyalty,13,0.379499
desert,loyalty,14,0.367667
desert,loyalty,15,0.388629
desert,loyalty,16,0.39302
desert,loyalty,17,0.434726
desert,loyalty,18,0.464573
desert,loyalty,19,0.480287
desert,loyalty,20,0.505701
desert,loyalty,21,0.521029
desert,loyalty,22,0.532085
desert,loyalty,23,0.547981
desert,loyalty,24,0.553357
desert,loyalty,25,0.563216
desert,loyalty,26,0.551198
desert,loyalty,27,0.544102
desert,loyalty,28,0.541658
desert,loyalty,29,0.529529
desert,loyalty,30,0.505169
desert,loyalty,31,0.444238
desert,mercy,0,0.890679
desert,mercy,1,0.835018
desert,mercy,2,0.797164
desert,mercy,3,0.71723
desert,mercy,4,0.567411
desert,mercy,5,0.639782
desert,mercy,6,0.643874
desert,mercy,7,0.564841
desert,mercy,8,0.525423
desert,mercy,9,0.504338
desert,mercy,10,0.46178
desert,mercy,11,0.434269
desert,mercy,12,0.358319
desert,mercy,13,0.250866
desert,mercy,14,0.019882
desert,mercy,15,0.047272
desert,mercy,16,0.031494
desert,mercy,17,0.001702
desert,mercy,18,-0.022836
desert,mercy,19,-0.014212
desert,mercy,20,0.009643
desert,mercy,21,0.008602
desert,mercy,22,0.009059
desert,mercy,23,0.058699
desert,mercy,24,0.062117
desert,mercy,25,0.089981
desert,mercy,26,0.112773
desert,mercy,27,0.116317
desert,mercy,28,0.128993
desert,mercy,29,0.128066
desert,mercy,30,0.137951
desert,mercy,31,0.124941
desert,privacy,0,0.919291
desert,privacy,1,0.894586
desert,privacy,2,0.881769
desert,privacy,3,0.838867
desert,privacy,4,0.764979
desert,privacy,5,0.745249
desert,privacy,6,0.735518
desert,privacy,7,0.722605
desert,privacy,8,0.677127
desert,privacy,9,0.584561
desert,privacy,10,0.564122
desert,privacy,11,0.529988
desert,privacy,12,0.410717
desert,privacy,13,0.415091
desert,privacy,14,0.362113
desert,privacy,15,0.407563
desert,privacy,16,0.455236
desert,privacy,17,0.425929
desert,privacy,18,0.449806
desert,privacy,19,0.458122
desert,privacy,20,0.448612
desert,privacy,21,0.433731
desert,privacy,22,0.423143
desert,privacy,23,0.442331
desert,privacy,24,0.413351
desert,privacy,25,0.427497
desert,privacy,26,0.414028
desert,privacy,27,0.384425
desert,privacy,28,0.386148
desert,privacy,29,0.369919
desert,privacy,30,0.388436
desert,privacy,31,0.413441
desert,sanctity,0,0.855936
desert,sanctity,1,0.873924
desert,sanctity,2,0.857472
desert,sanctity,3,0.832842
desert,sanctity,4,0.757394
desert,sanctity,5,0.749422
desert,sanctity,6,0.73457
desert,sanctity,7,0.709707
desert,sanctity,8,0.628729
desert,sanctity,9,0.503688
desert,sanctity,10,0.462593
desert,sanctity,11,0.429454
desert,sanctity,12,0.417486
desert,sanctity,13,0.44007
desert,sanctity,14,0.453927
desert,sanctity,15,0.449125
desert,sanctity,16,0.477987
desert,sanctity,17,0.506731
desert,sanctity,18,0.527069
desert,sanctity,19,0.558935
desert,sanctity,20,0.563414
desert,sanctity,21,0.561578
desert,sanctity,22,0.553832
desert,sanctity,23,0.553579
desert,sanctity,24,0.557591
desert,sanctity,25,0.561396
desert,sanctity,26,0.562532
desert,sanctity,27,0.554617
desert,sanctity,28,0.546298
desert,sanctity,29,0.54248
desert,sanctity,30,0.532021
desert,sanctity,31,0.528578
desert,tradition,0,0.932192
desert,tradition,1,0.90997
desert,tradition,2,0.908099
desert,tradition,3,0.875012
desert,tradition,4,0.790464
desert,tradition,5,0.763456
desert,tradition,6,0.759145
desert,tradition,7,0.756015
desert,tradition,8,0.714395
desert,tradition,9,0.679272
desert,tradition,10,0.615192
desert,tradition,11,0.599224
desert,tradition,12,0.493799
desert,tradition,13,0.477146
desert,tradition,14,0.38902
desert,tradition,15,0.499956
desert,tradition,16,0.555189
desert,tradition,17,0.552245
desert,tradition,18,0.583458
desert,tradition,19,0.59401
desert,tradition,20,0.593808
desert,tradition,21,0.607129
desert,tradition,22,0.60975
desert,tradition,23,0.598276
desert,tradition,24,0.586153
desert,tradition,25,0.578156
desert,tradition,26,0.584357
desert,tradition,27,0.569618
desert,tradition,28,0.53832
desert,tradition,29,0.507457
desert,tradition,30,0.501394
desert,tradition,31,0.512319
fairness,harm_avoidance,0,0.955182
fairness,harm_avoidance,1,0.948708
fairness,harm_avoidance,2,0.936347
fairness,harm_avoidance,3,0.906748
fairness,harm_avoidance,4,0.845761
fairness,harm_avoidance,5,0.843807
fairness,harm_avoidance,6,0.814914
fairness,harm_avoidance,7,0.795539
fairness,harm_avoidance,8,0.766573
fairness,harm_avoidance,9,0.748143
fairness,harm_avoidance,10,0.718042
fairness,harm_avoidance,11,0.730892
fairness,harm_avoidance,12,0.5685
fairness,harm_avoidance,13,0.590239
fairness,harm_avoidance,14,0.46603
fairness,harm_avoidance,15,0.551126
fairness,harm_avoidance,16,0.573252
fairness,harm_avoidance,17,0.565534
fairness,harm_avoidance,18,0.566417
fairness,harm_avoidance,19,0.57133
fairness,harm_avoidance,20,0.56223
fairness,harm_avoidance,21,0.557335
fairness,harm_avoidance,22,0.521718
fairness,harm_avoidance,23,0.524744
fairness,harm_avoidance,24,0.51044
fairness,harm_avoidance,25,0.50867
fairness,harm_avoidance,26,0.494114
fairness,harm_avoidance,27,0.475978
fairness,harm_avoidance,28,0.482136
fairness,harm_avoidance,29,0.441103
fairness,harm_avoidance,30,0.455028
fairness,harm_avoidance,31,0.487695
fairness,honesty,0,0.93446
fairness,honesty,1,0.903564
fairness,honesty,2,0.890163
fairness,honesty,3,0.825773
fairness,honesty,4,0.739069
fairness,honesty,5,0.756772
fairness,honesty,6,0.704608
fairness,honesty,7,0.682915
fairness,honesty,8,0.630419
fairness,honesty,9,0.591056
fairness,honesty,10,0.578701
fairness,honesty,11,0.616085
fairness,honesty,12,0.571874
fairness,honesty,13,0.588054
fairness,honesty,14,0.605118
fairness,honesty,15,0.626994
fairness,honesty,16,0.644101
fairness,honesty,17,0.652174
fairness,honesty,18,0.673051
fairness,honesty,19,0.675168
fairness,honesty,20,0.685449
fairness,honesty,21,0.685252
fairness,honesty,22,0.660934
fairness,honesty,23,0.661885
fairness,honesty,24,0.661768
fairness,honesty,25,0.651684
fairness,honesty,26,0.625162
fairness,honesty,27,0.604932
fairness,honesty,28,0.591155
fairness,honesty,29,0.558391
fairness,honesty,30,0.535773
fairness,honesty,31,0.546842
fairness,impartiality,0,0.90606
fairness,impartiality,1,0.871554
fairness,impartiality,2,0.852363
fairness,impartiality,3,0.7848
fairness,impartiality,4,0.66494
fairness,impartiality,5,0.655984
fairness,impartiality,6,0.640906
fairness,impartiality,7,0.58383
fairness,impartiality,8,0.551359
fairness,impartiality,9,0.490918
fairness,impartiality,10,0.481705
fairness,impartiality,11,0.478462
fairness,impartiality,12,0.344779
fairness,impartiality,13,0.375834
fairness,impartiality,14,0.383998
fairness,impartiality,15,0.464626
fairness,impartiality,16,0.500927
fairness,impartiality,17,0.522276
fairness,impartiality,18,0.509207
fairness,impartiality,19,0.521241
fairness,impartiality,20,0.519215
fairness,impartiality,21,0.529869
fairness,impartiality,22,0.502008
fairness,impartiality,23,0.51667
fairness,impartiality,24,0.517861
fairness,impartiality,25,0.518263
fairness,impartiality,26,0.498632
fairness,impartiality,27,0.480377
fairness,impartiality,28,0.449463
fairness,impartiality,29,0.394962
fairness,impartiality,30,0.39733
fairness,impartiality,31,0.380009
fairness,integrity,0,0.882156
fairness,integrity,1,0.839842
fairness,integrity,2,0.807683
fairness,integrity,3,0.737848
fairness,integrity,4,0.711162
fairness,integrity,5,0.680824
fairness,integrity,6,0.695026
fairness,integrity,7,0.678318
fairness,integrity,8,0.663878
fairness,integrity,9,0.617562
fairness,integrity,10,0.619415
fairness,integrity,11,0.616864
fairness,integrity,12,0.509296
fairness,integrity,13,0.539011
fairness,integrity,14,0.439523
fairness,integrity,15,0.514229
fairness,integrity,16,0.540057
fairness,integrity,17,0.569314
fairness,integrity,18,0.580383
fairness,integrity,19,0.587362
fairness,integrity,20,0.589666
fairness,integrity,21,0.573181
fairness,integrity,22,0.558301
fairness,integrity,23,0.562849
fairness,integrity,24,0.558664
fairness,integrity,25,0.544457
fairness,integrity,26,0.532158
fairness,integrity,27,0.527202
fairness,integrity,28,0.524989
fairness,integrity,29,0.519087
fairness,integrity,30,0.534555
fairness,integrity,31,0.586835
fairness,kindness,0,0.94894
fairness,kindness,1,0.931165
fairness,kindness,2,0.89389
fairness,kindness,3,0.835404
fairness,kindness,4,0.692655
fairness,kindness,5,0.705971
fairness,kindness,6,0.688453
fairness,kindness,7,0.67799
fairness,kindness,8,0.617722
fairness,kindness,9,0.607161
fairness,kindness,10,0.582468
fairness,kindness,11,0.564961
fairness,kindness,12,0.523648
fairness,kindness,13,0.504277
fairness,kindness,14,0.49046
fairness,kindness,15,0.47495
fairness,kindness,16,0.455247
fairness,kindness,17,0.427921
fairness,kindness,18,0.434971
fairness,kindness,19,0.443156
fairness,kindness,20,0.446726
fairness,kindness,21,0.448447
fairness,kindness,22,0.405811
fairness,kindness,23,0.411054
fairness,kindness,24,0.416439
fairness,kindness,25,0.415474
fairness,kindness,26,0.397615
fairness,kindness,27,0.390937
fairness,kindness,28,0.382395
fairness,kindness,29,0.349328
fairness,kindness,30,0.329763
fairness,kindness,31,0.279939
fairness,loyalty,0,0.948792
fairness,loyalty,1,0.934886
fairness,loyalty,2,0.906816
fairness,loyalty,3,0.826252
fairness,loyalty,4,0.680792
fairness,loyalty,5,0.691726
fairness,loyalty,6,0.680431
fairness,loyalty,7,0.646587
fairness,loyalty,8,0.58602
fairness,loyalty,9,0.603834
fairness,loyalty,10,0.579459
fairness,loyalty,11,0.57875
fairness,loyalty,12,0.449632
fairness,loyalty,13,0.359647
fairness,loyalty,14,0.308788
fairness,loyalty,15,0.229823
fairness,loyalty,16,0.252552
fairness,loyalty,17,0.20834
fairness,loyalty,18,0.229
fairness,loyalty,19,0.239455
fairness,loyalty,20,0.231494
fairness,loyalty,21,0.243028
fairness,loyalty,22,0.214031
fairness,loyalty,23,0.217854
fairness,loyalty,24,0.216943
fairness,loyalty,25,0.234579
fairness,loyalty,26,0.211546
fairness,loyalty,27,0.201822
fairness,loyalty,28,0.197007
fairness,loyalty,29,0.147267
fairness,loyalty,30,0.160408
fairness,loyalty,31,0.09694
fairness,mercy,0,0.905738
fairness,mercy,1,0.832944
fairness,mercy,2,0.78078
fairness,mercy,3,0.611018
fairness,mercy,4,0.431839
fairness,mercy,5,0.524817
fairness,mercy,6,0.530151
fairness,mercy,7,0.474358
fairness,mercy,8,0.436318
fairness,mercy,9,0.502379
fairness,mercy,10,0.499821
fairness,mercy,11,0.510832
fairness,mercy,12,0.435171
fairness,mercy,13,0.335255
fairness,mercy,14,0.281012
fairness,mercy,15,0.25093
fairness,mercy,16,0.223256
fairness,mercy,17,0.170754
fairness,mercy,18,0.116185
fairness,mercy,19,0.123734
fairness,mercy,20,0.114585
fairness,mercy,21,0.139481
fairness,mercy,22,0.098614
fairness,mercy,23,0.123514
fairness,mercy,24,0.131653
fairness,mercy,25,0.127584
fairness,mercy,26,0.120132
fairness,mercy,27,0.121647
fairness,mercy,28,0.097416
fairness,mercy,29,0.040037
fairness,mercy,30,0.071005
fairness,mercy,31,0.06059
fairness,privacy,0,0.950117
fairness,privacy,1,0.932313
fairness,privacy,2,0.895165
fairness,privacy,3,0.861045
fairness,privacy,4,0.782184
fairness,privacy,5,0.758511
fairness,privacy,6,0.745821
fairness,privacy,7,0.697182
fairness,privacy,8,0.635344
fairness,privacy,9,0.621344
fairness,privacy,10,0.602226
fairness,privacy,11,0.614295
fairness,privacy,12,0.512159
fairness,privacy,13,0.526007
fairness,privacy,14,0.537897
fairness,privacy,15,0.604362
fairness,privacy,16,0.636068
fairness,privacy,17,0.628871
fairness,privacy,18,0.623505
fairness,privacy,19,0.632289
fairness,privacy,20,0.638552
fairness,privacy,21,0.643733
fairness,privacy,22,0.609949
fairness,privacy,23,0.621056
fairness,privacy,24,0.608187
fairness,privacy,25,0.600268
fairness,privacy,26,0.571982
fairness,privacy,27,0.549021
fairness,privacy,28,0.528346
fairness,privacy,29,0.455117
fairness,privacy,30,0.489832
fairness,privacy,31,0.509359
fairness,sanctity,0,0.903554
fairness,sanctity,1,0.903253
fairness,sanctity,2,0.878693
fairness,sanctity,3,0.843363
fairness,sanctity,4,0.756078
fairness,sanctity,5,0.749369
fairness,sanctity,6,0.710847
fairness,sanctity,7,0.696589
fairness,sanctity,8,0.641252
fairness,sanctity,9,0.614388
fairness,sanctity,10,0.598211
fairness,sanctity,11,0.603176
fairness,sanctity,12,0.560992
fairness,sanctity,13,0.579047
fairness,sanctity,14,0.542871
fairness,sanctity,15,0.58283
fairness,sanctity,16,0.587314
fairness,sanctity,17,0.581171
fairness,sanctity,18,0.588727
fairness,sanctity,19,0.593725
fairness,sanctity,20,0.602626
fairness,sanctity,21,0.592456
fairness,sanctity,22,0.553151
fairness,sanctity,23,0.547601
fairness,sanctity,24,0.542348
fairness,sanctity,25,0.535768
fairness,sanctity,26,0.535765
fairness,sanctity,27,0.517991
fairness,sanctity,28,0.515496
fairness,sanctity,29,0.473909
fairness,sanctity,30,0.463339
fairness,sanctity,31,0.479224
fairness,tradition,0,0.96227
fairness,tradition,1,0.946959
fairness,tradition,2,0.921082
fairness,tradition,3,0.886397
fairness,tradition,4,0.83563
fairness,tradition,5,0.829432
fairness,tradition,6,0.803522
fairness,tradition,7,0.793456
fairness,tradition,8,0.750572
fairness,tradition,9,0.735787
fairness,tradition,10,0.699837
fairness,tradition,11,0.702159
fairness,tradition,12,0.53852
fairness,tradition,13,0.427442
fairness,tradition,14,0.073589
fairness,tradition,15,0.242378
fairness,tradition,16,0.310015
fairness,tradition,17,0.244716
fairness,tradition,18,0.319183
fairness,tradition,19,0.329273
fairness,tradition,20,0.324513
fairness,tradition,21,0.322574
fairness,tradition,22,0.318898
fairness,tradition,23,0.306922
fairness,tradition,24,0.280987
fairness,tradition,25,0.294536
fairness,tradition,26,0.322761
fairness,tradition,27,0.288828
fairness,tradition,28,0.30735
fairness,tradition,29,0.287989
fairness,tradition,30,0.280087
fairness,tradition,31,0.24423
harm_avoidance,honesty,0,0.937927
harm_avoidance,honesty,1,0.904852
harm_avoidance,honesty,2,0.90218
harm_avoidance,honesty,3,0.85222
harm_avoidance,honesty,4,0.747257
harm_avoidance,honesty,5,0.783026
harm_avoidance,honesty,6,0.772072
harm_avoidance,honesty,7,0.757835
harm_avoidance,honesty,8,0.737831
harm_avoidance,honesty,9,0.626081
harm_avoidance,honesty,10,0.600416
harm_avoidance,honesty,11,0.62298
harm_avoidance,honesty,12,0.647233
harm_avoidance,honesty,13,0.712947
harm_avoidance,honesty,14,0.68741
harm_avoidance,honesty,15,0.733324
harm_avoidance,honesty,16,0.77252
harm_avoidance,honesty,17,0.769123
harm_avoidance,honesty,18,0.76753
harm_avoidance,honesty,19,0.781692
harm_avoidance,honesty,20,0.777291
harm_avoidance,honesty,21,0.769139
harm_avoidance,honesty,22,0.74986
harm_avoidance,honesty,23,0.743443
harm_avoidance,honesty,24,0.720959
harm_avoidance,honesty,25,0.713828
harm_avoidance,honesty,26,0.701502
harm_avoidance,honesty,27,0.677429
harm_avoidance,honesty,28,0.676636
harm_avoidance,honesty,29,0.656152
harm_avoidance,honesty,30,0.639481
harm_avoidance,honesty,31,0.620257
harm_avoidance,impartiality,0,0.896135
harm_avoidance,impartiality,1,0.861051
harm_avoidance,impartiality,2,0.842358
harm_avoidance,impartiality,3,0.782859
harm_avoidance,impartiality,4,0.69703
harm_avoidance,impartiality,5,0.697323
harm_avoidance,impartiality,6,0.673469
harm_avoidance,impartiality,7,0.618508
harm_avoidance,impartiality,8,0.584525
harm_avoidance,impartiality,9,0.529681
harm_avoidance,impartiality,10,0.522419
harm_avoidance,impartiality,11,0.504374
harm_avoidance,impartiality,12,0.485378
harm_avoidance,impartiality,13,0.467441
harm_avoidance,impartiality,14,0.495767
harm_avoidance,impartiality,15,0.565923
harm_avoidance,impartiality,16,0.604492
harm_avoidance,impartiality,17,0.597904
harm_avoidance,impartiality,18,0.574275
harm_avoidance,impartiality,19,0.562435
harm_avoidance,impartiality,20,0.565299
harm_avoidance,impartiality,21,0.571947
harm_avoidance,impartiality,22,0.551419
harm_avoidance,impartiality,23,0.557934
harm_avoidance,impartiality,24,0.551727
harm_avoidance,impartiality,25,0.553575
harm_avoidance,impartiality,26,0.540694
harm_avoidance,impartiality,27,0.520307
harm_avoidance,impartiality,28,0.522694
harm_avoidance,impartiality,29,0.516096
harm_avoidance,impartiality,30,0.473855
harm_avoidance,impartiality,31,0.451309
harm_avoidance,integrity,0,0.909128
harm_avoidance,integrity,1,0.856102
harm_avoidance,integrity,2,0.841539
harm_avoidance,integrity,3,0.788819
harm_avoidance,integrity,4,0.777031
harm_avoidance,integrity,5,0.767259
harm_avoidance,integrity,6,0.747773
harm_avoidance,integrity,7,0.723339
harm_avoidance,integrity,8,0.703057
harm_avoidance,integrity,9,0.676178
harm_avoidance,integrity,10,0.675608
harm_avoidance,integrity,11,0.658591
harm_avoidance,integrity,12,0.621664
harm_avoidance,integrity,13,0.674904
harm_avoidance,integrity,14,0.674922
harm_avoidance,integrity,15,0.678512
harm_avoidance,integrity,16,0.694241
harm_avoidance,integrity,17,0.655356
harm_avoidance,integrity,18,0.664716
harm_avoidance,integrity,19,0.654066
harm_avoidance,integrity,20,0.631652
harm_avoidance,integrity,21,0.635748
harm_avoidance,integrity,22,0.614653
harm_avoidance,integrity,23,0.60083
harm_avoidance,integrity,24,0.58982
harm_avoidance,integrity,25,0.589179
harm_avoidance,integrity,26,0.578334
harm_avoidance,integrity,27,0.568717
harm_avoidance,integrity,28,0.566311
harm_avoidance,integrity,29,0.55715
harm_avoidance,integrity,30,0.546297
harm_avoidance,integrity,31,0.575923
harm_avoidance,kindness,0,0.941211
harm_avoidance,kindness,1,0.928745
harm_avoidance,kindness,2,0.899924
harm_avoidance,kindness,3,0.825042
harm_avoidance,kindness,4,0.700698
harm_avoidance,kindness,5,0.725709
harm_avoidance,kindness,6,0.692104
harm_avoidance,kindness,7,0.675868
harm_avoidance,kindness,8,0.637608
harm_avoidance,kindness,9,0.623787
harm_avoidance,kindness,10,0.579629
harm_avoidance,kindness,11,0.568175
harm_avoidance,kindness,12,0.494993
harm_avoidance,kindness,13,0.522077
harm_avoidance,kindness,14,0.516844
harm_avoidance,kindness,15,0.525868
harm_avoidance,kindness,16,0.507648
harm_avoidance,kindness,17,0.500784
harm_avoidance,kindness,18,0.505196
harm_avoidance,kindness,19,0.50963
harm_avoidance,kindness,20,0.506601
harm_avoidance,kindness,21,0.496184
harm_avoidance,kindness,22,0.47616
harm_avoidance,kindness,23,0.489056
harm_avoidance,kindness,24,0.485534
harm_avoidance,kindness,25,0.479855
harm_avoidance,kindness,26,0.488876
harm_avoidance,kindness,27,0.483726
harm_avoidance,kindness,28,0.485199
harm_avoidance,kindness,29,0.483928
harm_avoidance,kindness,30,0.466204
harm_avoidance,kindness,31,0.435912
harm_avoidance,loyalty,0,0.946068
harm_avoidance,loyalty,1,0.927119
harm_avoidance,loyalty,2,0.89911
harm_avoidance,loyalty,3,0.838125
harm_avoidance,loyalty,4,0.735214
harm_avoidance,loyalty,5,0.749922
harm_avoidance,loyalty,6,0.710582
harm_avoidance,loyalty,7,0.667318
harm_avoidance,loyalty,8,0.614537
harm_avoidance,loyalty,9,0.606176
harm_avoidance,loyalty,10,0.509814
harm_avoidance,loyalty,11,0.473708
harm_avoidance,loyalty,12,0.337425
harm_avoidance,loyalty,13,0.274115
harm_avoidance,loyalty,14,0.445606
harm_avoidance,loyalty,15,0.377975
harm_avoidance,loyalty,16,0.354569
harm_avoidance,loyalty,17,0.418768
harm_avoidance,loyalty,18,0.44201
harm_avoidance,loyalty,19,0.481332
harm_avoidance,loyalty,20,0.457274
harm_avoidance,loyalty,21,0.449413
harm_avoidance,loyalty,22,0.465548
harm_avoidance,loyalty,23,0.469818
harm_avoidance,loyalty,24,0.492741
harm_avoidance,loyalty,25,0.506815
harm_avoidance,loyalty,26,0.510227
harm_avoidance,loyalty,27,0.516237
harm_avoidance,loyalty,28,0.531516
harm_avoidance,loyalty,29,0.528596
harm_avoidance,loyalty,30,0.536411
harm_avoidance,loyalty,31,0.498298
harm_avoidance,mercy,0,0.905633
harm_avoidance,mercy,1,0.822046
harm_avoidance,mercy,2,0.794372
harm_avoidance,mercy,3,0.660021
harm_avoidance,mercy,4,0.519942
harm_avoidance,mercy,5,0.600095
harm_avoidance,mercy,6,0.572547
harm_avoidance,mercy,7,0.483787
harm_avoidance,mercy,8,0.468378
harm_avoidance,mercy,9,0.494813
harm_avoidance,mercy,10,0.430523
harm_avoidance,mercy,11,0.464298
harm_avoidance,mercy,12,0.396612
harm_avoidance,mercy,13,0.240144
harm_avoidance,mercy,14,0.126845
harm_avoidance,mercy,15,0.089615
harm_avoidance,mercy,16,0.064817
harm_avoidance,mercy,17,0.116381
harm_avoidance,mercy,18,0.088923
harm_avoidance,mercy,19,0.087364
harm_avoidance,mercy,20,0.084078
harm_avoidance,mercy,21,0.091364
harm_avoidance,mercy,22,0.09563
harm_avoidance,mercy,23,0.147445
harm_avoidance,mercy,24,0.178422
harm_avoidance,mercy,25,0.193798
harm_avoidance,mercy,26,0.212346
harm_avoidance,mercy,27,0.203281
harm_avoidance,mercy,28,0.225022
harm_avoidance,mercy,29,0.249028
harm_avoidance,mercy,30,0.205486
harm_avoidance,mercy,31,0.152174
harm_avoidance,privacy,0,0.956717
harm_avoidance,privacy,1,0.940771
harm_avoidance,privacy,2,0.916505
harm_avoidance,privacy,3,0.878792
harm_avoidance,privacy,4,0.836857
harm_avoidance,privacy,5,0.828624
harm_avoidance,privacy,6,0.832279
harm_avoidance,privacy,7,0.82076
harm_avoidance,privacy,8,0.786661
harm_avoidance,privacy,9,0.758637
harm_avoidance,privacy,10,0.708416
harm_avoidance,privacy,11,0.687597
harm_avoidance,privacy,12,0.649588
harm_avoidance,privacy,13,0.648926
harm_avoidance,privacy,14,0.616945
harm_avoidance,privacy,15,0.690447
harm_avoidance,privacy,16,0.709315
harm_avoidance,privacy,17,0.708329
harm_avoidance,privacy,18,0.708019
harm_avoidance,privacy,19,0.704725
harm_avoidance,privacy,20,0.689025
harm_avoidance,privacy,21,0.680399
harm_avoidance,privacy,22,0.664575
harm_avoidance,privacy,23,0.683632
harm_avoidance,privacy,24,0.668783
harm_avoidance,privacy,25,0.671569
harm_avoidance,privacy,26,0.671032
harm_avoidance,privacy,27,0.653046
harm_avoidance,privacy,28,0.649781
harm_avoidance,privacy,29,0.642076
harm_avoidance,privacy,30,0.637459
harm_avoidance,privacy,31,0.615758
harm_avoidance,sanctity,0,0.91132
harm_avoidance,sanctity,1,0.892537
harm_avoidance,sanctity,2,0.850498
harm_avoidance,sanctity,3,0.828928
harm_avoidance,sanctity,4,0.801912
harm_avoidance,sanctity,5,0.797457
harm_avoidance,sanctity,6,0.763098
harm_avoidance,sanctity,7,0.719559
harm_avoidance,sanctity,8,0.69681
harm_avoidance,sanctity,9,0.630403
harm_avoidance,sanctity,10,0.584503
harm_avoidance,sanctity,11,0.567663
harm_avoidance,sanctity,12,0.571743
harm_avoidance,sanctity,13,0.583498
harm_avoidance,sanctity,14,0.579407
harm_avoidance,sanctity,15,0.678932
harm_avoidance,sanctity,16,0.691542
harm_avoidance,sanctity,17,0.705389
harm_avoidance,sanctity,18,0.722479
harm_avoidance,sanctity,19,0.755624
harm_avoidance,sanctity,20,0.760619
harm_avoidance,sanctity,21,0.759753
harm_avoidance,sanctity,22,0.757268
harm_avoidance,sanctity,23,0.75774
harm_avoidance,sanctity,24,0.761411
harm_avoidance,sanctity,25,0.7634
harm_avoidance,sanctity,26,0.769702
harm_avoidance,sanctity,27,0.754455
harm_avoidance,sanctity,28,0.742784
harm_avoidance,sanctity,29,0.733541
harm_avoidance,sanctity,30,0.722381
harm_avoidance,sanctity,31,0.705355
harm_avoidance,tradition,0,0.961537
harm_avoidance,tradition,1,0.946675
harm_avoidance,tradition,2,0.9291
harm_avoidance,tradition,3,0.900783
harm_avoidance,tradition,4,0.862508
harm_avoidance,tradition,5,0.848665
harm_avoidance,tradition,6,0.829626
harm_avoidance,tradition,7,0.794075
harm_avoidance,tradition,8,0.762036
harm_avoidance,tradition,9,0.735403
harm_avoidance,tradition,10,0.661716
harm_avoidance,tradition,11,0.641901
harm_avoidance,tradition,12,0.458794
harm_avoidance,tradition,13,0.367872
harm_avoidance,tradition,14,0.303131
harm_avoidance,tradition,15,0.427267
harm_avoidance,tradition,16,0.47653
harm_avoidance,tradition,17,0.428834
harm_avoidance,tradition,18,0.456397
harm_avoidance,tradition,19,0.506231
harm_avoidance,tradition,20,0.507351
harm_avoidance,tradition,21,0.511709
harm_avoidance,tradition,22,0.526463
harm_avoidance,tradition,23,0.510965
harm_avoidance,tradition,24,0.481328
harm_avoidance,tradition,25,0.484124
harm_avoidance,tradition,26,0.484275
harm_avoidance,tradition,27,0.443716
harm_avoidance,tradition,28,0.429778
harm_avoidance,tradition,29,0.368126
harm_avoidance,tradition,30,0.400172
harm_avoidance,tradition,31,0.437534
honesty,impartiality,0,0.912751
honesty,impartiality,1,0.885428
honesty,impartiality,2,0.849683
honesty,impartiality,3,0.780286
honesty,impartiality,4,0.658253
honesty,impartiality,5,0.674397
honesty,impartiality,6,0.653784
honesty,impartiality,7,0.575335
honesty,impartiality,8,0.521186
honesty,impartiality,9,0.466316
honesty,impartiality,10,0.482284
honesty,impartiality,11,0.420593
honesty,impartiality,12,0.363436
honesty,impartiality,13,0.316935
honesty,impartiality,14,0.370826
honesty,impartiality,15,0.421965
honesty,impartiality,16,0.490353
honesty,impartiality,17,0.527958
honesty,impartiality,18,0.514572
honesty,impartiality,19,0.547529
honesty,impartiality,20,0.570749
honesty,impartiality,21,0.586996
honesty,impartiality,22,0.565716
honesty,impartiality,23,0.572244
honesty,impartiality,24,0.591314
honesty,impartiality,25,0.582627
honesty,impartiality,26,0.564463
honesty,impartiality,27,0.551181
honesty,impartiality,28,0.552638
honesty,impartiality,29,0.553784
honesty,impartiality,30,0.520778
honesty,impartiality,31,0.476159
honesty,integrity,0,0.89991
honesty,integrity,1,0.82156
honesty,integrity,2,0.780565
honesty,integrity,3,0.707663
honesty,integrity,4,0.57663
honesty,integrity,5,0.601584
honesty,integrity,6,0.579643
honesty,integrity,7,0.536205
honesty,integrity,8,0.47981
honesty,integrity,9,0.353567
honesty,integrity,10,0.404339
honesty,integrity,11,0.443688
honesty,integrity,12,0.431907
honesty,integrity,13,0.580336
honesty,integrity,14,0.595913
honesty,integrity,15,0.639314
honesty,integrity,16,0.692337
honesty,integrity,17,0.664048
honesty,integrity,18,0.692395
honesty,integrity,19,0.686945
honesty,integrity,20,0.692427
honesty,integrity,21,0.699534
honesty,integrity,22,0.68215
honesty,integrity,23,0.667701
honesty,integrity,24,0.663899
honesty,integrity,25,0.656147
honesty,integrity,26,0.64084
honesty,integrity,27,0.622222
honesty,integrity,28,0.614089
honesty,integrity,29,0.60279
honesty,integrity,30,0.582869
honesty,integrity,31,0.552568
honesty,kindness,0,0.924091
honesty,kindness,1,0.886452
honesty,kindness,2,0.86207
honesty,kindness,3,0.783491
honesty,kindness,4,0.622524
honesty,kindness,5,0.693158
honesty,kindness,6,0.690885
honesty,kindness,7,0.645684
honesty,kindness,8,0.62247
honesty,kindness,9,0.608301
honesty,kindness,10,0.533529
honesty,kindness,11,0.482682
honesty,kindness,12,0.443406
honesty,kindness,13,0.441151
honesty,kindness,14,0.464662
honesty,kindness,15,0.45282
honesty,kindness,16,0.442165
honesty,kindness,17,0.426493
honesty,kindness,18,0.441005
honesty,kindness,19,0.440559
honesty,kindness,20,0.429404
honesty,kindness,21,0.425223
honesty,kindness,22,0.405853
honesty,kindness,23,0.405301
honesty,kindness,24,0.406403
honesty,kindness,25,0.394654
honesty,kindness,26,0.386709
honesty,kindness,27,0.384063
honesty,kindness,28,0.374204
honesty,kindness,29,0.36783
honesty,kindness,30,0.349861
honesty,kindness,31,0.295653
honesty,loyalty,0,0.932688
honesty,loyalty,1,0.903563
honesty,loyalty,2,0.878945
honesty,loyalty,3,0.828759
honesty,loyalty,4,0.639893
honesty,loyalty,5,0.697589
honesty,loyalty,6,0.667165
honesty,loyalty,7,0.652696
honesty,loyalty,8,0.591969
honesty,loyalty,9,0.572629
honesty,loyalty,10,0.503511
honesty,loyalty,11,0.54953
honesty,loyalty,12,0.39182
honesty,loyalty,13,0.313803
honesty,loyalty,14,0.373598
honesty,loyalty,15,0.294668
honesty,loyalty,16,0.25933
honesty,loyalty,17,0.282245
honesty,loyalty,18,0.290636
honesty,loyalty,19,0.316359
honesty,loyalty,20,0.275156
honesty,loyalty,21,0.267003
honesty,loyalty,22,0.274209
honesty,loyalty,23,0.286516
honesty,loyalty,24,0.286412
honesty,loyalty,25,0.306385
honesty,loyalty,26,0.292443
honesty,loyalty,27,0.293767
honesty,loyalty,28,0.312226
honesty,loyalty,29,0.286577
honesty,loyalty,30,0.297465
honesty,loyalty,31,0.194012
honesty,mercy,0,0.908153
honesty,mercy,1,0.84971
honesty,mercy,2,0.835952
honesty,mercy,3,0.732552
honesty,mercy,4,0.606584
honesty,mercy,5,0.659429
honesty,mercy,6,0.649443
honesty,mercy,7,0.60699
honesty,mercy,8,0.547548
honesty,mercy,9,0.565689
honesty,mercy,10,0.550873
honesty,mercy,11,0.518596
honesty,mercy,12,0.373711
honesty,mercy,13,0.149068
honesty,mercy,14,0.194278
honesty,mercy,15,0.130855
honesty,mercy,16,0.093982
honesty,mercy,17,0.14324
honesty,mercy,18,0.109244
honesty,mercy,19,0.127437
honesty,mercy,20,0.111895
honesty,mercy,21,0.141605
honesty,mercy,22,0.143764
honesty,mercy,23,0.165695
honesty,mercy,24,0.212189
honesty,mercy,25,0.210622
honesty,mercy,26,0.20684
honesty,mercy,27,0.205947
honesty,mercy,28,0.225066
honesty,mercy,29,0.231152
honesty,mercy,30,0.22795
honesty,mercy,31,0.231981
honesty,privacy,0,0.926987
honesty,privacy,1,0.892877
honesty,privacy,2,0.835152
honesty,privacy,3,0.767295
honesty,privacy,4,0.617049
honesty,privacy,5,0.642705
honesty,privacy,6,0.623596
honesty,privacy,7,0.610159
honesty,privacy,8,0.613057
honesty,privacy,9,0.577048
honesty,privacy,10,0.543774
honesty,privacy,11,0.514157
honesty,privacy,12,0.469738
honesty,privacy,13,0.505268
honesty,privacy,14,0.577648
honesty,privacy,15,0.602608
honesty,privacy,16,0.638582
honesty,privacy,17,0.673482
honesty,privacy,18,0.677004
honesty,privacy,19,0.697805
honesty,privacy,20,0.702133
honesty,privacy,21,0.705941
honesty,privacy,22,0.684174
honesty,privacy,23,0.684494
honesty,privacy,24,0.687734
honesty,privacy,25,0.680726
honesty,privacy,26,0.671571
honesty,privacy,27,0.650419
honesty,privacy,28,0.652024
honesty,privacy,29,0.639025
honesty,privacy,30,0.629845
honesty,privacy,31,0.651149
honesty,sanctity,0,0.889214
honesty,sanctity,1,0.865749
honesty,sanctity,2,0.822668
honesty,sanctity,3,0.775439
honesty,sanctity,4,0.679193
honesty,sanctity,5,0.693781
honesty,sanctity,6,0.662545
honesty,sanctity,7,0.624563
honesty,sanctity,8,0.613838
honesty,sanctity,9,0.610965
honesty,sanctity,10,0.595125
honesty,sanctity,11,0.564657
honesty,sanctity,12,0.504838
honesty,sanctity,13,0.499712
honesty,sanctity,14,0.523233
honesty,sanctity,15,0.589899
honesty,sanctity,16,0.620395
honesty,sanctity,17,0.652696
honesty,sanctity,18,0.680366
honesty,sanctity,19,0.703197
honesty,sanctity,20,0.700225
honesty,sanctity,21,0.69485
honesty,sanctity,22,0.680485
honesty,sanctity,23,0.67487
honesty,sanctity,24,0.660899
honesty,sanctity,25,0.650628
honesty,sanctity,26,0.644851
honesty,sanctity,27,0.633927
honesty,sanctity,28,0.631307
honesty,sanctity,29,0.604176
honesty,sanctity,30,0.591441
honesty,sanctity,31,0.570508
honesty,tradition,0,0.932151
honesty,tradition,1,0.874422
honesty,tradition,2,0.84058
honesty,tradition,3,0.797033
honesty,tradition,4,0.661507
honesty,tradition,5,0.702317
honesty,tradition,6,0.698477
honesty,tradition,7,0.662491
honesty,tradition,8,0.62948
honesty,tradition,9,0.512607
honesty,tradition,10,0.488713
honesty,tradition,11,0.481159
honesty,tradition,12,0.384451
honesty,tradition,13,0.369711
honesty,tradition,14,0.091702
honesty,tradition,15,0.253611
honesty,tradition,16,0.300875
honesty,tradition,17,0.25459
honesty,tradition,18,0.307768
honesty,tradition,19,0.31455
honesty,tradition,20,0.300267
honesty,tradition,21,0.294754
honesty,tradition,22,0.298784
honesty,tradition,23,0.309834
honesty,tradition,24,0.251992
honesty,tradition,25,0.26396
honesty,tradition,26,0.260736
honesty,tradition,27,0.237868
honesty,tradition,28,0.22953
honesty,tradition,29,0.160268
honesty,tradition,30,0.180854
honesty,tradition,31,0.165746
impartiality,integrity,0,0.873626
impartiality,integrity,1,0.796845
impartiality,integrity,2,0.751753
impartiality,integrity,3,0.702743
impartiality,integrity,4,0.588475
impartiality,integrity,5,0.593468
impartiality,integrity,6,0.617138
impartiality,integrity,7,0.61675
impartiality,integrity,8,0.592796
impartiality,integrity,9,0.502993
impartiality,integrity,10,0.46631
impartiality,integrity,11,0.43979
impartiality,integrity,12,0.438436
impartiality,integrity,13,0.394206
impartiality,integrity,14,0.391756
impartiality,integrity,15,0.393766
impartiality,integrity,16,0.446466
impartiality,integrity,17,0.453727
impartiality,integrity,18,0.450458
impartiality,integrity,19,0.456114
impartiality,integrity,20,0.453866
impartiality,integrity,21,0.469858
impartiality,integrity,22,0.448143
impartiality,integrity,23,0.432681
impartiality,integrity,24,0.430204
impartiality,integrity,25,0.427629
impartiality,integrity,26,0.41372
impartiality,integrity,27,0.393168
impartiality,integrity,28,0.383399
impartiality,integrity,29,0.386023
impartiality,integrity,30,0.342827
impartiality,integrity,31,0.298959
impartiality,kindness,0,0.908273
impartiality,kindness,1,0.881725
impartiality,kindness,2,0.85554
impartiality,kindness,3,0.817312
impartiality,kindness,4,0.682861
impartiality,kindness,5,0.695143
impartiality,kindness,6,0.664691
impartiality,kindness,7,0.597841
impartiality,kindness,8,0.575325
impartiality,kindness,9,0.527726
impartiality,kindness,10,0.519141
impartiality,kindness,11,0.48598
impartiality,kindness,12,0.443617
impartiality,kindness,13,0.475047
impartiality,kindness,14,0.469363
impartiality,kindness,15,0.476412
impartiality,kindness,16,0.477089
impartiality,kindness,17,0.452598
impartiality,kindness,18,0.448712
impartiality,kindness,19,0.442662
impartiality,kindness,20,0.435325
impartiality,kindness,21,0.429788
impartiality,kindness,22,0.404433
impartiality,kindness,23,0.402242
impartiality,kindness,24,0.400048
impartiality,kindness,25,0.40986
impartiality,kindness,26,0.416199
impartiality,kindness,27,0.412131
impartiality,kindness,28,0.410832
impartiality,kindness,29,0.407298
impartiality,kindness,30,0.393081
impartiality,kindness,31,0.363298
impartiality,loyalty,0,0.886616
impartiality,loyalty,1,0.860391
impartiality,loyalty,2,0.808218
impartiality,loyalty,3,0.697723
impartiality,loyalty,4,0.561531
impartiality,loyalty,5,0.586658
impartiality,loyalty,6,0.539853
impartiality,loyalty,7,0.469823
impartiality,loyalty,8,0.431462
impartiality,loyalty,9,0.418178
impartiality,loyalty,10,0.340515
impartiality,loyalty,11,0.284348
impartiality,loyalty,12,0.158112
impartiality,loyalty,13,0.094834
impartiality,loyalty,14,0.198103
impartiality,loyalty,15,0.220885
impartiality,loyalty,16,0.205305
impartiality,loyalty,17,0.222313
impartiality,loyalty,18,0.225077
impartiality,loyalty,19,0.217958
impartiality,loyalty,20,0.183718
impartiality,loyalty,21,0.183981
impartiality,loyalty,22,0.189047
impartiality,loyalty,23,0.214875
impartiality,loyalty,24,0.22229
impartiality,loyalty,25,0.243952
impartiality,loyalty,26,0.240023
impartiality,loyalty,27,0.242172
impartiality,loyalty,28,0.272543
impartiality,loyalty,29,0.276344
impartiality,loyalty,30,0.250428
impartiality,loyalty,31,0.186864
impartiality,mercy,0,0.844485
impartiality,mercy,1,0.802173
impartiality,mercy,2,0.74731
impartiality,mercy,3,0.620089
impartiality,mercy,4,0.481178
impartiality,mercy,5,0.568524
impartiality,mercy,6,0.530724
impartiality,mercy,7,0.336738
impartiality,mercy,8,0.330557
impartiality,mercy,9,0.369786
impartiality,mercy,10,0.362878
impartiality,mercy,11,0.330575
impartiality,mercy,12,0.30214
impartiality,mercy,13,0.301
impartiality,mercy,14,0.13152
impartiality,mercy,15,0.189098
impartiality,mercy,16,0.177954
impartiality,mercy,17,0.273362
impartiality,mercy,18,0.317447
impartiality,mercy,19,0.323046
impartiality,mercy,20,0.313933
impartiality,mercy,21,0.317988
impartiality,mercy,22,0.32562
impartiality,mercy,23,0.347571
impartiality,mercy,24,0.382199
impartiality,mercy,25,0.37081
impartiality,mercy,26,0.36942
impartiality,mercy,27,0.386194
impartiality,mercy,28,0.411447
impartiality,mercy,29,0.427042
impartiality,mercy,30,0.394474
impartiality,mercy,31,0.320148
impartiality,privacy,0,0.917316
impartiality,privacy,1,0.875906
impartiality,privacy,2,0.847572
impartiality,privacy,3,0.79706
impartiality,privacy,4,0.688136
impartiality,privacy,5,0.680342
impartiality,privacy,6,0.67577
impartiality,privacy,7,0.649377
impartiality,privacy,8,0.604869
impartiality,privacy,9,0.558835
impartiality,privacy,10,0.566439
impartiality,privacy,11,0.54366
impartiality,privacy,12,0.546084
impartiality,privacy,13,0.525081
impartiality,privacy,14,0.505431
impartiality,privacy,15,0.587961
impartiality,privacy,16,0.613548
impartiality,privacy,17,0.667416
impartiality,privacy,18,0.682648
impartiality,privacy,19,0.690165
impartiality,privacy,20,0.697739
impartiality,privacy,21,0.693486
impartiality,privacy,22,0.677329
impartiality,privacy,23,0.684119
impartiality,privacy,24,0.700178
impartiality,privacy,25,0.6898
impartiality,privacy,26,0.683935
impartiality,privacy,27,0.682058
impartiality,privacy,28,0.68058
impartiality,privacy,29,0.686376
impartiality,privacy,30,0.651561
impartiality,privacy,31,0.598642
impartiality,sanctity,0,0.852988
impartiality,sanctity,1,0.840132
impartiality,sanctity,2,0.806273
impartiality,sanctity,3,0.748326
impartiality,sanctity,4,0.63866
impartiality,sanctity,5,0.651454
impartiality,sanctity,6,0.666928
impartiality,sanctity,7,0.604187
impartiality,sanctity,8,0.565545
impartiality,sanctity,9,0.484508
impartiality,sanctity,10,0.49069
impartiality,sanctity,11,0.461178
impartiality,sanctity,12,0.420234
impartiality,sanctity,13,0.446783
impartiality,sanctity,14,0.434132
impartiality,sanctity,15,0.536477
impartiality,sanctity,16,0.562823
impartiality,sanctity,17,0.566428
impartiality,sanctity,18,0.557702
impartiality,sanctity,19,0.572018
impartiality,sanctity,20,0.572941
impartiality,sanctity,21,0.578072
impartiality,sanctity,22,0.566893
impartiality,sanctity,23,0.578569
impartiality,sanctity,24,0.556607
impartiality,sanctity,25,0.556951
impartiality,sanctity,26,0.551978
impartiality,sanctity,27,0.534604
impartiality,sanctity,28,0.53515
impartiality,sanctity,29,0.505798
impartiality,sanctity,30,0.478709
impartiality,sanctity,31,0.460635
impartiality,tradition,0,0.921596
impartiality,tradition,1,0.874377
impartiality,tradition,2,0.853389
impartiality,tradition,3,0.822017
impartiality,tradition,4,0.715225
impartiality,tradition,5,0.70248
impartiality,tradition,6,0.705334
impartiality,tradition,7,0.604235
impartiality,tradition,8,0.583997
impartiality,tradition,9,0.52764
impartiality,tradition,10,0.485885
impartiality,tradition,11,0.501943
impartiality,tradition,12,0.396125
impartiality,tradition,13,0.303809
impartiality,tradition,14,0.18227
impartiality,tradition,15,0.300791
impartiality,tradition,16,0.355589
impartiality,tradition,17,0.164169
impartiality,tradition,18,0.103435
impartiality,tradition,19,0.120644
impartiality,tradition,20,0.101075
impartiality,tradition,21,0.122157
impartiality,tradition,22,0.125927
impartiality,tradition,23,0.151909
impartiality,tradition,24,0.079588
impartiality,tradition,25,0.09855
impartiality,tradition,26,0.095183
impartiality,tradition,27,0.053462
impartiality,tradition,28,0.044249
impartiality,tradition,29,-0.050499
impartiality,tradition,30,0.014398
impartiality,tradition,31,0.091941
integrity,kindness,0,0.884192
integrity,kindness,1,0.808291
integrity,kindness,2,0.762746
integrity,kindness,3,0.654777
integrity,kindness,4,0.56039
integrity,kindness,5,0.566636
integrity,kindness,6,0.578895
integrity,kindness,7,0.580153
integrity,kindness,8,0.519449
integrity,kindness,9,0.472427
integrity,kindness,10,0.472799
integrity,kindness,11,0.471244
integrity,kindness,12,0.463974
integrity,kindness,13,0.456473
integrity,kindness,14,0.41846
integrity,kindness,15,0.422518
integrity,kindness,16,0.444833
integrity,kindness,17,0.421006
integrity,kindness,18,0.446655
integrity,kindness,19,0.455779
integrity,kindness,20,0.438101
integrity,kindness,21,0.432908
integrity,kindness,22,0.414109
integrity,kindness,23,0.426278
integrity,kindness,24,0.431326
integrity,kindness,25,0.420502
integrity,kindness,26,0.420206
integrity,kindness,27,0.403692
integrity,kindness,28,0.392318
integrity,kindness,29,0.376684
integrity,kindness,30,0.344881
integrity,kindness,31,0.285881
integrity,loyalty,0,0.877055
integrity,loyalty,1,0.793549
integrity,loyalty,2,0.742793
integrity,loyalty,3,0.653157
integrity,loyalty,4,0.613638
integrity,loyalty,5,0.635911
integrity,loyalty,6,0.620578
integrity,loyalty,7,0.573655
integrity,loyalty,8,0.516118
integrity,loyalty,9,0.484492
integrity,loyalty,10,0.460874
integrity,loyalty,11,0.42585
integrity,loyalty,12,0.314333
integrity,loyalty,13,0.161932
integrity,loyalty,14,0.233685
integrity,loyalty,15,0.146796
integrity,loyalty,16,0.106585
integrity,loyalty,17,0.093191
integrity,loyalty,18,0.121336
integrity,loyalty,19,0.124488
integrity,loyalty,20,0.096637
integrity,loyalty,21,0.086965
integrity,loyalty,22,0.08334
integrity,loyalty,23,0.087396
integrity,loyalty,24,0.097316
integrity,loyalty,25,0.097664
integrity,loyalty,26,0.074766
integrity,loyalty,27,0.071642
integrity,loyalty,28,0.082742
integrity,loyalty,29,0.069843
integrity,loyalty,30,0.066838
integrity,loyalty,31,0.030965
integrity,mercy,0,0.842943
integrity,mercy,1,0.699487
integrity,mercy,2,0.635108
integrity,mercy,3,0.522217
integrity,mercy,4,0.326289
integrity,mercy,5,0.4321
integrity,mercy,6,0.469701
integrity,mercy,7,0.360208
integrity,mercy,8,0.335423
integrity,mercy,9,0.331047
integrity,mercy,10,0.359729
integrity,mercy,11,0.39579
integrity,mercy,12,0.3538
integrity,mercy,13,0.127279
integrity,mercy,14,0.147998
integrity,mercy,15,0.085891
integrity,mercy,16,0.075351
integrity,mercy,17,0.073932
integrity,mercy,18,0.061179
integrity,mercy,19,0.064026
integrity,mercy,20,0.046162
integrity,mercy,21,0.06844
integrity,mercy,22,0.051665
integrity,mercy,23,0.043653
integrity,mercy,24,0.068066
integrity,mercy,25,0.067479
integrity,mercy,26,0.061933
integrity,mercy,27,0.060575
integrity,mercy,28,0.080456
integrity,mercy,29,0.082196
integrity,mercy,30,0.036806
integrity,mercy,31,-0.053845
integrity,privacy,0,0.909098
integrity,privacy,1,0.883043
integrity,privacy,2,0.872304
integrity,privacy,3,0.789515
integrity,privacy,4,0.771549
integrity,privacy,5,0.754182
integrity,privacy,6,0.761891
integrity,privacy,7,0.73458
integrity,privacy,8,0.646729
integrity,privacy,9,0.604583
integrity,privacy,10,0.613188
integrity,privacy,11,0.601971
integrity,privacy,12,0.548488
integrity,privacy,13,0.511352
integrity,privacy,14,0.463928
integrity,privacy,15,0.488673
integrity,privacy,16,0.529456
integrity,privacy,17,0.517503
integrity,privacy,18,0.538809
integrity,privacy,19,0.556263
integrity,privacy,20,0.562765
integrity,privacy,21,0.567312
integrity,privacy,22,0.539961
integrity,privacy,23,0.52718
integrity,privacy,24,0.521772
integrity,privacy,25,0.531156
integrity,privacy,26,0.516516
integrity,privacy,27,0.502777
integrity,privacy,28,0.503858
integrity,privacy,29,0.507867
integrity,privacy,30,0.493732
integrity,privacy,31,0.463154
integrity,sanctity,0,0.825519
integrity,sanctity,1,0.794589
integrity,sanctity,2,0.733299
integrity,sanctity,3,0.69816
integrity,sanctity,4,0.683847
integrity,sanctity,5,0.671551
integrity,sanctity,6,0.67339
integrity,sanctity,7,0.667112
integrity,sanctity,8,0.588632
integrity,sanctity,9,0.505091
integrity,sanctity,10,0.493506
integrity,sanctity,11,0.492916
integrity,sanctity,12,0.467603
integrity,sanctity,13,0.457328
integrity,sanctity,14,0.405569
integrity,sanctity,15,0.480387
integrity,sanctity,16,0.527931
integrity,sanctity,17,0.513931
integrity,sanctity,18,0.542399
integrity,sanctity,19,0.54274
integrity,sanctity,20,0.536765
integrity,sanctity,21,0.53206
integrity,sanctity,22,0.506842
integrity,sanctity,23,0.485308
integrity,sanctity,24,0.481756
integrity,sanctity,25,0.478553
integrity,sanctity,26,0.462392
integrity,sanctity,27,0.45237
integrity,sanctity,28,0.438207
integrity,sanctity,29,0.431848
integrity,sanctity,30,0.418979
integrity,sanctity,31,0.416158
integrity,tradition,0,0.90289
integrity,tradition,1,0.85505
integrity,tradition,2,0.831186
integrity,tradition,3,0.767673
integrity,tradition,4,0.739233
integrity,tradition,5,0.699038
integrity,tradition,6,0.706327
integrity,tradition,7,0.671186
integrity,tradition,8,0.63737
integrity,tradition,9,0.618904
integrity,tradition,10,0.569635
integrity,tradition,11,0.547615
integrity,tradition,12,0.470007
integrity,tradition,13,0.376154
integrity,tradition,14,0.112068
integrity,tradition,15,0.187344
integrity,tradition,16,0.172218
integrity,tradition,17,0.124632
integrity,tradition,18,0.161734
integrity,tradition,19,0.150908
integrity,tradition,20,0.120355
integrity,tradition,21,0.124824
integrity,tradition,22,0.129955
integrity,tradition,23,0.111885
integrity,tradition,24,0.083548
integrity,tradition,25,0.080887
integrity,tradition,26,0.075424
integrity,tradition,27,0.058557
integrity,tradition,28,0.051542
integrity,tradition,29,0.008415
integrity,tradition,30,0.039732
integrity,tradition,31,0.079064
kindness,loyalty,0,0.938789
kindness,loyalty,1,0.925948
kindness,loyalty,2,0.902992
kindness,loyalty,3,0.796882
kindness,loyalty,4,0.742666
kindness,loyalty,5,0.746201
kindness,loyalty,6,0.71042
kindness,loyalty,7,0.681308
kindness,loyalty,8,0.626222
kindness,loyalty,9,0.630754
kindness,loyalty,10,0.573371
kindness,loyalty,11,0.513489
kindness,loyalty,12,0.415471
kindness,loyalty,13,0.287734
kindness,loyalty,14,0.372227
kindness,loyalty,15,0.303192
kindness,loyalty,16,0.257167
kindness,loyalty,17,0.271247
kindness,loyalty,18,0.276865
kindness,loyalty,19,0.289388
kindness,loyalty,20,0.272574
kindness,loyalty,21,0.270741
kindness,loyalty,22,0.260638
kindness,loyalty,23,0.265255
kindness,loyalty,24,0.270103
kindness,loyalty,25,0.275682
kindness,loyalty,26,0.269218
kindness,loyalty,27,0.281337
kindness,loyalty,28,0.295551
kindness,loyalty,29,0.305781
kindness,loyalty,30,0.28408
kindness,loyalty,31,0.268569
kindness,mercy,0,0.918705
kindness,mercy,1,0.854346
kindness,mercy,2,0.805975
kindness,mercy,3,0.649303
kindness,mercy,4,0.498896
kindness,mercy,5,0.608007
kindness,mercy,6,0.62735
kindness,mercy,7,0.587144
kindness,mercy,8,0.578832
kindness,mercy,9,0.599903
kindness,mercy,10,0.573659
kindness,mercy,11,0.562177
kindness,mercy,12,0.511224
kindness,mercy,13,0.376709
kindness,mercy,14,0.368727
kindness,mercy,15,0.363388
kindness,mercy,16,0.367913
kindness,mercy,17,0.393969
kindness,mercy,18,0.366513
kindness,mercy,19,0.374108
kindness,mercy,20,0.355697
kindness,mercy,21,0.377724
kindness,mercy,22,0.367977
kindness,mercy,23,0.365114
kindness,mercy,24,0.363712
kindness,mercy,25,0.36755
kindness,mercy,26,0.363354
kindness,mercy,27,0.371903
kindness,mercy,28,0.378041
kindness,mercy,29,0.391659
kindness,mercy,30,0.368604
kindness,mercy,31,0.370648
kindness,privacy,0,0.946227
kindness,privacy,1,0.918772
kindness,privacy,2,0.878841
kindness,privacy,3,0.810378
kindness,privacy,4,0.673781
kindness,privacy,5,0.649863
kindness,privacy,6,0.616628
kindness,privacy,7,0.598552
kindness,privacy,8,0.579248
kindness,privacy,9,0.603779
kindness,privacy,10,0.59558
kindness,privacy,11,0.621504
kindness,privacy,12,0.593318
kindness,privacy,13,0.620784
kindness,privacy,14,0.595545
kindness,privacy,15,0.578308
kindness,privacy,16,0.553822
kindness,privacy,17,0.539647
kindness,privacy,18,0.547444
kindness,privacy,19,0.542797
kindness,privacy,20,0.548623
kindness,privacy,21,0.545216
kindness,privacy,22,0.521944
kindness,privacy,23,0.530136
kindness,privacy,24,0.518572
kindness,privacy,25,0.532607
kindness,privacy,26,0.526739
kindness,privacy,27,0.523703
kindness,privacy,28,0.524151
kindness,privacy,29,0.519456
kindness,privacy,30,0.510149
kindness,privacy,31,0.484188
kindness,sanctity,0,0.891032
kindness,sanctity,1,0.874558
kindness,sanctity,2,0.809292
kindness,sanctity,3,0.750788
kindness,sanctity,4,0.547553
kindness,sanctity,5,0.592647
kindness,sanctity,6,0.600594
kindness,sanctity,7,0.589052
kindness,sanctity,8,0.518463
kindness,sanctity,9,0.495392
kindness,sanctity,10,0.481033
kindness,sanctity,11,0.486462
kindness,sanctity,12,0.492041
kindness,sanctity,13,0.549092
kindness,sanctity,14,0.580326
kindness,sanctity,15,0.568355
kindness,sanctity,16,0.544256
kindness,sanctity,17,0.529084
kindness,sanctity,18,0.536351
kindness,sanctity,19,0.54069
kindness,sanctity,20,0.529128
kindness,sanctity,21,0.526263
kindness,sanctity,22,0.500936
kindness,sanctity,23,0.478543
kindness,sanctity,24,0.471646
kindness,sanctity,25,0.468296
kindness,sanctity,26,0.46304
kindness,sanctity,27,0.461277
kindness,sanctity,28,0.445486
kindness,sanctity,29,0.450542
kindness,sanctity,30,0.436031
kindness,sanctity,31,0.424474
kindness,tradition,0,0.949452
kindness,tradition,1,0.92933
kindness,tradition,2,0.892512
kindness,tradition,3,0.846946
kindness,tradition,4,0.693986
kindness,tradition,5,0.717092
kindness,tradition,6,0.706477
kindness,tradition,7,0.690607
kindness,tradition,8,0.630584
kindness,tradition,9,0.597489
kindness,tradition,10,0.561731
kindness,tradition,11,0.562894
kindness,tradition,12,0.501889
kindness,tradition,13,0.475557
kindness,tradition,14,0.208613
kindness,tradition,15,0.310991
kindness,tradition,16,0.295812
kindness,tradition,17,0.178974
kindness,tradition,18,0.187952
kindness,tradition,19,0.18479
kindness,tradition,20,0.17925
kindness,tradition,21,0.178338
kindness,tradition,22,0.174504
kindness,tradition,23,0.147249
kindness,tradition,24,0.121459
kindness,tradition,25,0.121209
kindness,tradition,26,0.109385
kindness,tradition,27,0.104682
kindness,tradition,28,0.083793
kindness,tradition,29,0.042736
kindness,tradition,30,0.080691
kindness,tradition,31,0.106398
loyalty,mercy,0,0.931962
loyalty,mercy,1,0.876174
loyalty,mercy,2,0.833934
loyalty,mercy,3,0.753678
loyalty,mercy,4,0.570863
loyalty,mercy,5,0.64123
loyalty,mercy,6,0.609527
loyalty,mercy,7,0.58232
loyalty,mercy,8,0.548111
loyalty,mercy,9,0.590444
loyalty,mercy,10,0.562204
loyalty,mercy,11,0.534379
loyalty,mercy,12,0.412589
loyalty,mercy,13,0.334032
loyalty,mercy,14,0.271419
loyalty,mercy,15,0.179392
loyalty,mercy,16,0.178418
loyalty,mercy,17,0.21079
loyalty,mercy,18,0.197297
loyalty,mercy,19,0.204457
loyalty,mercy,20,0.200076
loyalty,mercy,21,0.205458
loyalty,mercy,22,0.20302
loyalty,mercy,23,0.236305
loyalty,mercy,24,0.244661
loyalty,mercy,25,0.268145
loyalty,mercy,26,0.284373
loyalty,mercy,27,0.287917
loyalty,mercy,28,0.291518
loyalty,mercy,29,0.325298
loyalty,mercy,30,0.287892
loyalty,mercy,31,0.186566
loyalty,privacy,0,0.939759
loyalty,privacy,1,0.909014
loyalty,privacy,2,0.845818
loyalty,privacy,3,0.771922
loyalty,privacy,4,0.664382
loyalty,privacy,5,0.663138
loyalty,privacy,6,0.633251
loyalty,privacy,7,0.576387
loyalty,privacy,8,0.514485
loyalty,privacy,9,0.532499
loyalty,privacy,10,0.464715
loyalty,privacy,11,0.422099
loyalty,privacy,12,0.371082
loyalty,privacy,13,0.240239
loyalty,privacy,14,0.343393
loyalty,privacy,15,0.290679
loyalty,privacy,16,0.287898
loyalty,privacy,17,0.334461
loyalty,privacy,18,0.358327
loyalty,privacy,19,0.35846
loyalty,privacy,20,0.326765
loyalty,privacy,21,0.310494
loyalty,privacy,22,0.311521
loyalty,privacy,23,0.33056
loyalty,privacy,24,0.329144
loyalty,privacy,25,0.344166
loyalty,privacy,26,0.345928
loyalty,privacy,27,0.333364
loyalty,privacy,28,0.346171
loyalty,privacy,29,0.34479
loyalty,privacy,30,0.33844
loyalty,privacy,31,0.225871
loyalty,sanctity,0,0.896269
loyalty,sanctity,1,0.874158
loyalty,sanctity,2,0.826541
loyalty,sanctity,3,0.786179
loyalty,sanctity,4,0.636769
loyalty,sanctity,5,0.657622
loyalty,sanctity,6,0.63869
loyalty,sanctity,7,0.595739
loyalty,sanctity,8,0.537437
loyalty,sanctity,9,0.521131
loyalty,sanctity,10,0.474884
loyalty,sanctity,11,0.446786
loyalty,sanctity,12,0.411961
loyalty,sanctity,13,0.350945
loyalty,sanctity,14,0.448088
loyalty,sanctity,15,0.357433
loyalty,sanctity,16,0.335819
loyalty,sanctity,17,0.364175
loyalty,sanctity,18,0.391305
loyalty,sanctity,19,0.429294
loyalty,sanctity,20,0.427972
loyalty,sanctity,21,0.434704
loyalty,sanctity,22,0.450938
loyalty,sanctity,23,0.461216
loyalty,sanctity,24,0.472943
loyalty,sanctity,25,0.490492
loyalty,sanctity,26,0.48468
loyalty,sanctity,27,0.496133
loyalty,sanctity,28,0.510019
loyalty,sanctity,29,0.507768
loyalty,sanctity,30,0.502138
loyalty,sanctity,31,0.434344
loyalty,tradition,0,0.942001
loyalty,tradition,1,0.920239
loyalty,tradition,2,0.870028
loyalty,tradition,3,0.810526
loyalty,tradition,4,0.668121
loyalty,tradition,5,0.680572
loyalty,tradition,6,0.671492
loyalty,tradition,7,0.609474
loyalty,tradition,8,0.574733
loyalty,tradition,9,0.552996
loyalty,tradition,10,0.509091
loyalty,tradition,11,0.47247
loyalty,tradition,12,0.433227
loyalty,tradition,13,0.334149
loyalty,tradition,14,0.293886
loyalty,tradition,15,0.448843
loyalty,tradition,16,0.507173
loyalty,tradition,17,0.446273
loyalty,tradition,18,0.449902
loyalty,tradition,19,0.493521
loyalty,tradition,20,0.509521
loyalty,tradition,21,0.522702
loyalty,tradition,22,0.521107
loyalty,tradition,23,0.517441
loyalty,tradition,24,0.494516
loyalty,tradition,25,0.501011
loyalty,tradition,26,0.49196
loyalty,tradition,27,0.476957
loyalty,tradition,28,0.456358
loyalty,tradition,29,0.407233
loyalty,tradition,30,0.419811
loyalty,tradition,31,0.485072
mercy,privacy,0,0.897301
mercy,privacy,1,0.810371
mercy,privacy,2,0.709139
mercy,privacy,3,0.573594
mercy,privacy,4,0.360423
mercy,privacy,5,0.42954
mercy,privacy,6,0.421181
mercy,privacy,7,0.297884
mercy,privacy,8,0.288602
mercy,privacy,9,0.346034
mercy,privacy,10,0.334767
mercy,privacy,11,0.361199
mercy,privacy,12,0.355745
mercy,privacy,13,0.287015
mercy,privacy,14,0.203218
mercy,privacy,15,0.172949
mercy,privacy,16,0.161813
mercy,privacy,17,0.256706
mercy,privacy,18,0.281949
mercy,privacy,19,0.283722
mercy,privacy,20,0.28934
mercy,privacy,21,0.30124
mercy,privacy,22,0.327889
mercy,privacy,23,0.348479
mercy,privacy,24,0.409493
mercy,privacy,25,0.410343
mercy,privacy,26,0.428332
mercy,privacy,27,0.436196
mercy,privacy,28,0.472601
mercy,privacy,29,0.502965
mercy,privacy,30,0.443474
mercy,privacy,31,0.41227
mercy,sanctity,0,0.898407
mercy,sanctity,1,0.807651
mercy,sanctity,2,0.728015
mercy,sanctity,3,0.658767
mercy,sanctity,4,0.498269
mercy,sanctity,5,0.569896
mercy,sanctity,6,0.577857
mercy,sanctity,7,0.476412
mercy,sanctity,8,0.404579
mercy,sanctity,9,0.42278
mercy,sanctity,10,0.37958
mercy,sanctity,11,0.388174
mercy,sanctity,12,0.380716
mercy,sanctity,13,0.324724
mercy,sanctity,14,0.269389
mercy,sanctity,15,0.221091
mercy,sanctity,16,0.197663
mercy,sanctity,17,0.178079
mercy,sanctity,18,0.164124
mercy,sanctity,19,0.15806
mercy,sanctity,20,0.159968
mercy,sanctity,21,0.179267
mercy,sanctity,22,0.182044
mercy,sanctity,23,0.214018
mercy,sanctity,24,0.216315
mercy,sanctity,25,0.227763
mercy,sanctity,26,0.255444
mercy,sanctity,27,0.251417
mercy,sanctity,28,0.246297
mercy,sanctity,29,0.261322
mercy,sanctity,30,0.235226
mercy,sanctity,31,0.224258
mercy,tradition,0,0.891315
mercy,tradition,1,0.801245
mercy,tradition,2,0.740276
mercy,tradition,3,0.641513
mercy,tradition,4,0.441227
mercy,tradition,5,0.516099
mercy,tradition,6,0.537613
mercy,tradition,7,0.473935
mercy,tradition,8,0.46465
mercy,tradition,9,0.490656
mercy,tradition,10,0.410111
mercy,tradition,11,0.412348
mercy,tradition,12,0.322594
mercy,tradition,13,0.180655
mercy,tradition,14,-0.289828
mercy,tradition,15,-0.096875
mercy,tradition,16,-0.046204
mercy,tradition,17,-0.217676
mercy,tradition,18,-0.258649
mercy,tradition,19,-0.241143
mercy,tradition,20,-0.218083
mercy,tradition,21,-0.207448
mercy,tradition,22,-0.227806
mercy,tradition,23,-0.167211
mercy,tradition,24,-0.209147
mercy,tradition,25,-0.18916
mercy,tradition,26,-0.172082
mercy,tradition,27,-0.192439
mercy,tradition,28,-0.224574
mercy,tradition,29,-0.264714
mercy,tradition,30,-0.197484
mercy,tradition,31,-0.11393
privacy,sanctity,0,0.892598
privacy,sanctity,1,0.871574
privacy,sanctity,2,0.805893
privacy,sanctity,3,0.78689
privacy,sanctity,4,0.769026
privacy,sanctity,5,0.763679
privacy,sanctity,6,0.741
privacy,sanctity,7,0.703717
privacy,sanctity,8,0.68575
privacy,sanctity,9,0.65492
privacy,sanctity,10,0.618807
privacy,sanctity,11,0.618238
privacy,sanctity,12,0.61611
privacy,sanctity,13,0.632456
privacy,sanctity,14,0.652958
privacy,sanctity,15,0.696429
privacy,sanctity,16,0.710259
privacy,sanctity,17,0.677677
privacy,sanctity,18,0.691982
privacy,sanctity,19,0.697352
privacy,sanctity,20,0.698784
privacy,sanctity,21,0.693705
privacy,sanctity,22,0.680985
privacy,sanctity,23,0.687156
privacy,sanctity,24,0.662234
privacy,sanctity,25,0.661265
privacy,sanctity,26,0.666025
privacy,sanctity,27,0.639603
privacy,sanctity,28,0.628922
privacy,sanctity,29,0.608412
privacy,sanctity,30,0.600379
privacy,sanctity,31,0.601523
privacy,tradition,0,0.95627
privacy,tradition,1,0.930495
privacy,tradition,2,0.911736
privacy,tradition,3,0.866362
privacy,tradition,4,0.822265
privacy,tradition,5,0.8072
privacy,tradition,6,0.796904
privacy,tradition,7,0.754777
privacy,tradition,8,0.690081
privacy,tradition,9,0.636718
privacy,tradition,10,0.599332
privacy,tradition,11,0.611568
privacy,tradition,12,0.541837
privacy,tradition,13,0.46142
privacy,tradition,14,0.10125
privacy,tradition,15,0.268693
privacy,tradition,16,0.329711
privacy,tradition,17,0.135792
privacy,tradition,18,0.15455
privacy,tradition,19,0.172573
privacy,tradition,20,0.145703
privacy,tradition,21,0.142365
privacy,tradition,22,0.137786
privacy,tradition,23,0.153526
privacy,tradition,24,0.069118
privacy,tradition,25,0.077278
privacy,tradition,26,0.08119
privacy,tradition,27,0.023819
privacy,tradition,28,-0.004055
privacy,tradition,29,-0.104453
privacy,tradition,30,-0.029043
privacy,tradition,31,0.049797
sanctity,tradition,0,0.92114
sanctity,tradition,1,0.906585
sanctity,tradition,2,0.871554
sanctity,tradition,3,0.852661
sanctity,tradition,4,0.807837
sanctity,tradition,5,0.803101
sanctity,tradition,6,0.795914
sanctity,tradition,7,0.765155
sanctity,tradition,8,0.744019
sanctity,tradition,9,0.648373
sanctity,tradition,10,0.65556
sanctity,tradition,11,0.670163
sanctity,tradition,12,0.612046
sanctity,tradition,13,0.559509
sanctity,tradition,14,0.327904
sanctity,tradition,15,0.434492
sanctity,tradition,16,0.467605
sanctity,tradition,17,0.43411
sanctity,tradition,18,0.467363
sanctity,tradition,19,0.494313
sanctity,tradition,20,0.506226
sanctity,tradition,21,0.509467
sanctity,tradition,22,0.521185
sanctity,tradition,23,0.520769
sanctity,tradition,24,0.504481
sanctity,tradition,25,0.511964
sanctity,tradition,26,0.523146
sanctity,tradition,27,0.501751
sanctity,tradition,28,0.486578
sanctity,tradition,29,0.423329
sanctity,tradition,30,0.458018
sanctity,tradition,31,0.476262
